listing_id,title,url,listing_type,province,district,property_type,property_type_raw,property_type_source,property_type_conflict,price_usd,size_m2,bedrooms,bedrooms_source,bedrooms_text_raw,bedrooms_detail_value,bedrooms_conflict,bathrooms,bathrooms_source,bathrooms_text_raw,bathrooms_detail_value,bathrooms_conflict,unit_floor,unit_floor_source,unit_floor_text_raw,unit_floor_detail_value,unit_floor_invalid_value,unit_floor_conflict,building_total_floors,building_total_floors_source,building_total_floors_text_raw,building_total_floors_conflict,description_source,description,detail_scraped,needs_manual_review
13817582,Piphupthmey Condo Sensok 3d •,https://www.khmer24.com/en/piphupthmey-condo-sensok-adid-13817582,sale,Phnom Penh,Sen Sok,Condo,,search_category,,320,78.0,2,description,2 beds,,,,,,,,,,,,,,,,,,description_heading,"Main Category House & Land Category Condo For Sale Size 78m² 320$ / ក្នុងមួយខែ ( ជួល ឬ លក់ ) Building 3A - Room 602 Full Furniture Full decor Smart Door 3 Aircons 2 beds 2 shower heat / Cool Smart Control Light Please click on phone number to show and don't forget to mention that you found this ad on Khmer24.com. Contact Phones 092535XXX Show Phone Number Phnom Penh Thmei, Saensokh, Phnom Penh https://maps.app.goo.gl/gVQ49zjbWGaZCwYx5?g_st=com.google.maps.preview.copy Save Report Share",True,
13796715,"Sky31, TK, 2 bedroom, 8th floor $175,000. Rent $850/m 1d •",https://www.khmer24.com/en/sky31-tk-2-bedroom-8th-floor-175000-rent-850m-adid-13796715,sale/rent,Phnom Penh,Toul Kork,Condo,,search_category,,175000,102.0,2,search_card_text,2 bedroom,,,,,,,,8,title,8th floor,,,,,,,,description_heading,"Main Category House & Land Category Condo For Sale Size 102m² Very convenient to everywhere as it is near TK antenna. 2 bedrooms, 2 WC, kitchen, dining area, living room, balcony facing east, free gym, free swimming pool, free playground, free pool table, free table tennis. Near Khema Hospotal, in front of Elevate Sport Club. Corner of street 287 and 528. 24 hour security, many parking lots. Please click on phone number to show and don't forget to mention that you found this ad on Khmer24.com. Contact Phones 012878XXX 016878XXX Show Phone Number Boeng Kak Muoy, Tuol Kouk, Phnom Penh Beong Kak 1, TK, PP Show on Google Map Save Report Share",True,
13647185,"Modern 2 bedroom, 2 bathroom Condo - reduced offer! Jun 14 •",https://www.khmer24.com/en/modern-2-bedroom-2-bathroom-condo-reduced-offer-adid-13647185,sale,Phnom Penh,Chrouy Changva,Condo,,search_category,,164500,104.0,2,search_card_text,2 bedroom,,,2,search_card_text,2 bathroom,,,,,,,,,,,,,meta_description,"Modern 2 bedroom, 2 bathroom Condo - reduced offer! price $164500.00 Sale posted by Joerg (Yo) Friedrichs in Chrouy Changva, Chrouy Changva, Phnom Penh Cambodia on Khmer24.com.",True,
13653241,Studio Room For Sell Urgently 21h •,https://www.khmer24.com/en/studio-room-for-sell-urgently-adid-13653241,sale,Phnom Penh,Sen Sok,Condo,,search_category,,45000,,0,search_card_text,Studio,,description=11 from '១១ បន្ទប់គេង',1,description,១ បន្ទប់ទឹក,,,11,description,11th floor,,,,,,,,json_ld_description,**ខុនដូរសម្រាប់លក់បន្ទាន់** ប្រភេទ ស្ទូឌីអូ ជាន់ទី ១១ បន្ទប់គេង ១ បន្ទប់ទឹក ១ ទំហំ ៣៥.២១ម៉ែត្រការ៉េ តម្លៃលក់ 45000$ សម្ភារៈផ្តល់ជូនមាន គ្រែពូក១ឈុត ទូខោអាវ១ ទូរទស្សន៍១ ទូទឹកកក១ ម៉ាសុីនបោកខោអាវ១ ម៉ាសុីនត្រជាក់២ វាំងនន សម្ភារៈបន្ទប់ទឹក **Condo for sell urgently** Studio Room 11th floor Size 35.21sqm Selling price 45000$ Fully furnished,True,True
13821912,One-bedroom Condo for sale on Hun Sen Boulevard 2d •,https://www.khmer24.com/en/one-bedroom-condo-for-sale-on-hun-sen-boulevard-adid-13821912,sale,Phnom Penh,Meanchey,Condo,,search_category,,39999,38.0,1,search_card_text,One-bedroom,,,,,,,,22,description,Floor:22,,,,,,,,description_heading,"Main Category House & Land Category Condo For Sale Size 38m² 📍ទីតាំង៖ ផ្លូវមហាវីថី ហ៊ុន សែន 60m — R&F City 🏢 អគារ៖ B11 (Miro) 🛏️ បន្ទប់គេង 1 📐 ផ្ទៃក្រឡា៖ 38.38m2 🛗 Floor:22 💰 តម្លៃដើម៖ $58,000 🔥 តម្លៃពិសេស៖ $39,999 (តម្លៃថេរ មិនអាចចរចាបាន) 🏋️ Gym 2 កន្លែង 🏊 អាងហែលទឹក 2 កន្លែង 🏀 ទីលានបាល់បោះ ✅ 🏸 ទីលានវាយសី ✅ 🌿 សួនច្បារលើអគារ ✅ 🎾 ទីលានវាយកូនបាល់ ✅ 🛝 Play Ground ✅ 🚗 ចំណតរថយន្ត ✅ ⚡ តម្លៃអគ្គិសនី៖ $0.23/kWh ☎️ cellcard: 078495xxx Click To Call smart: 086792xxx Click To Call Please click on phone number to show and don't forget to mention that you found this ad on Khmer24.com. Contact Phones 078495XXX 086792XXX Show Phone Number Chak Angrae Leu, Mean Chey, Phnom Penh 📍ទីតាំង៖ ផ្លូវមហាវីថី ហ៊ុន សែន 60m — R&F City Save Report Share",True,
13790333,Condo សំរាប់លក់បន្ទាន់ 3d •,https://www.khmer24.com/en/condo-adid-13790333,sale,Phnom Penh,Sen Sok,Condo,,search_category,,280000,,,,,,,,,,,,,,,,,,,,,,description_heading,"Main Category House & Land Category Condo For Sale Condo លក់បន្ទាន់មានទីតាំងនៅ building E បន្ទប់កែងបែមុខទៅទិសខាងកើត Please click on phone number to show and don't forget to mention that you found this ad on Khmer24.com. Contact Phones 0967003XXX Show Phone Number Tuek Thla, Saensokh, Phnom Penh Arakawa building E floor 8 E824 Save Report Share",True,
13446787,J Tower 3 : Tallest Residential Highrise in Phnom Penh - the Capital of Cambodia 20h •,https://www.khmer24.com/en/j-tower-3-tallest-residential-highrise-in-phnom-penh-the-capital-of-cambodia-adid-13446787,sale,Phnom Penh,Chamkarmon,Condo,,search_category,,330000,166.0,3,description,3 bed,,,5,description,5 bath,,,,,,,,,,,,,description_heading,"Main Category House & Land Category Condo For Sale Size 166m² J Tower 3 : Tallest Residential Highrise in Phnom Penh - the Capital of Cambodia This premium residential project stands in a prestigious location and offers world-class facilities. J-Tower 3 will become a new landmark as the tallest residential building in Cambodia and one of the tallest residential buildings in Southeast Asia’s countries. J-Tower 3 provides you with an investment opportunity that guarantees high rental returns. It is a fresh addition to its list of prestigious elite residential projects, developed by Tanichu Assetments Co. Ltd. Its previous successful projects include J-Village, J-City, J-Tower 1, and J-Tower 2 – all located in most the ideal location of Phnom Penh. Selling price: $330,000 up per unit ($1,853 up/ sqm) Property ID: PR1000168 - www.camrealtyservice.com For more info: https://camrealtyservice.com/property/j-tower-3/ E-viewing link :166sqm (3 bed , 2.5 bath) https://youtu.be/SFja28e_SQo 177sqm (3 bed , 3 bath) https://www.youtube.com/watch?v=jWcy40XOslc Do not hesitate to contact our professional team to make an appointment to visit J-Tower 3's showroom or visit its existing projects in BKK1. H/P: (+855)99 556 694 (English) & (+855)11 26 88 99(日本語) Telegram link: https://t.me/apartmentagent WhatsApp: https://wa.me/85599556694 Official Line: https://line.me/ti/p/@567ewpzi E-mail: info@ camrealtyservice.com Website: www.camrealtyservice.com ចូលរួម Telegram Channel របស់ ក្រុមហ៊ុន CAM Realty 789 Co.,LTD ដើម្បីទទួលបានព័ត៍អចលនទ្រព្យថ្មីៗ ល្អៗ ទាន់ពេលវេលា។ https://t.me/CAMrealtyinfo https://t.me/broeypenghuothforsale Please click on phone number to show and don't forget to mention that you found this ad on Khmer24.com. Contact Phones 099556XXX 011268XXX Show Phone Number Tonle Basak, Chamkar Mon, Phnom Penh Near BKK1 Show on Google Map Save Report Share",True,
13556898,Time Square 11 BKK3 (Time Castle XI) | Modern 1 Bedroom Condo For Sale in Phnom Penh 1h •,https://www.khmer24.com/en/time-square-11-bkk3-time-castle-xi-modern-1-bedroom-condo-for-sale-in-phnom-penh-adid-13556898,sale,Phnom Penh,Boeung Keng Kang,Condo,,search_category,,56894,50.0,1,search_card_text,1 Bedroom,,description=2 from '2 Bedrooms',1,description,1 Bathroom,,,7,description,Floor: 7th,,,,39,description,TOTAL FLOORS: 39,,json_ld_description,"• DABEST PROPERTY ID: CONDOPP23 • Contact Dabest Properties on 089780700 / 098780700 (phone, whatsapp, Line, telegram) or mailto: info@dabest-properties.com Megakim World Corp’s Time Square 11, also known as Time Castle XI, is a 39-storey modern development in the heart of BKK3, created for vibrant urban living. Located beside the premium BKK1 district, it offers buyers a rare chance to enjoy a prime central location at a more accessible price, delivering outstanding value and investment potential. Project Overview • DEVELOPER: Megakim World Corp Co., Ltd • OWNERSHIP TYPE: Strata Title / Freehold • TOTAL FLOORS: 39 floors • TOTAL UNITS: 390 units • UNIT TYPES: 1 & 2 Bedrooms ranging from 38-75 sqm • Rooftop Facilities (Time Castle): Sky Lounge, Sky Pool, Sky Gym, Sky Yard, Kids’ Room, Pool Lounge, Island deck • LOCATION: st. 113, BKK3, Phnom Penh • Completion scheduled for 2029 Featured Unit • Property Type: B3 • Layout: 1 Bedroom | 1 Bathroom • Size: 50 sqm • Floor: 7th • Facing: West **Flexible Payment Plan Enjoy up to 35 months installment plan with 0% interest, making ownership in central Phnom Penh more flexible and accessible. Secure your unit at Time Square 11 today and experience modern city living in one of Phnom Penh’s fastest-growing central districts before the best units are gone.",True,True
13661483,"Brand-new 2 Bed 2 Bath Condo with river and City views, price negotiable Jul 20 •",https://www.khmer24.com/en/brand-new-2-bed-2-bath-condo-with-river-and-city-views-price-negotiable-adid-13661483,sale,Phnom Penh,Chrouy Changva,Condo,,search_category,,299999,126.0,2,search_card_text,2 Bed,,,2,search_card_text,2 Bath,,,,,,,,,,,,,description_heading,"Main Category House & Land Category Condo For Sale Size 126m² Impressive location, high floor with open views, fully furnished, fridge, Induction Cooker, TV, washing machine, ready for quick move-in, Hard Title, price negotiable Please click on phone number to show and don't forget to mention that you found this ad on Khmer24.com. Contact Phones 0966181XXX Show Phone Number Chrouy Changva, Chrouy Changva, Phnom Penh Chrouy Changva, Chrouy Changva Show on Google Map Save Report Share",True,
13319000,La Vista One 2 Bedroom,https://www.khmer24.com/en/la-vista-one-2-bedroom-condo-adid-13319000,sale,Phnom Penh,Condo Chrouy Changva,Condo,,search_category,,205000,104.0,2,search_card_text,2 Bedroom,,,,,,,,37,description,Floor : 37,,,,,,,,json_ld_description,"🌆ខុនដូសម្រាប់លក់-Condo Resale at la vista one✨✅ (កាន់ផ្ទាល់) 📍ទីតាំង-Location : ជ្រោយចង្វារ - chrouy changva •ប្រភេទ-Type : 2 បន្ទប់គេង - 2 bedroom •តម្លៃ-Price : $20,5000💰 •ជាន់-Floor : 37 •ទំហំ-Size : 104 sqm •សេវាគ្រប់គ្រងឥតគិតថ្លៃ🌟(Free management Fee) •មានអាងហែលទឹក, កន្លែងហាត់ប្រាណ ចំណតម៉ូតូ,ចំណតរថយន្ត..✅(swimming, Gym,Moto Parking, Car Parking)🅿️ 🏊 #DirectOwner ☎️ព៍ត័មានលម្អិតទាក់ទងតាមរយៈ | Contact for Details : 📱 098 241 989 https://t.me/CHiM855KH",True,
12986307,UK Condo ត្រូវការលក់បន្ទាន់,https://www.khmer24.com/en/uk-condo-adid-12986307,sale,Phnom Penh,Toul Kork,Condo,,search_category,,52000,41.0,2,description,២បន្ទប់គេង,,,1,description,បន្ទប់ទឹក១,,,16,description,ជាន់ទី16,,,,,,,,description_heading,"Main Category House & Land Category Condo For Sale Size 41m² សួស្តីបងប្អូន ខ្ញុំមានខុនដូ ត្រូវការលក់បន្ទាន់តំលៃពិសេសត្រូវការលុយ លក់ខាត។ ទីតាំងស្ថិតនៅផ្លូវ 548 ក្រោយសាលាពៅអ៊ុម សង្កាត់បឹងកក់១ ខណ្ឌទួលគោក។ លក់ជូនតំលៃ ត្រឹមតែ $5x,000 ។ » ទំហំ 41ការ៉េ ជាន់ទី16 មាន២បន្ទប់គេង និងបន្ទប់ទឹក១ ។ » មានចំណូលជួលស្រាប់ ១ខែ $350 ។ ទំនាក់ទំនងសួរពត៌មានបន្ថែមលេខ 089 891 xxx Click To Call / 068 620 xxx Click To Call Please click on phone number to show and don't forget to mention that you found this ad on Khmer24.com. Contact Phones 068620XXX Show Phone Number Boeng Kak Muoy, Tuol Kouk, Phnom Penh ផ្លូវ548 Save Report Share",True,
13553148,2bedroom Corner best for,https://www.khmer24.com/en/2bedroom-corner-best-for-relax-adid-13553148,sale,Phnom Penh,relax Chrouy Changva,Condo,,search_category,,393296,156.0,2,search_card_text,2bedroom,,,,,,,,,,,,,,,,,,description_heading,"Main Category House & Land Category Condo For Sale Size 156m² ⭐️⭐️Morgan ENMAISON ⭐️⭐️ 1# Floor:23F Unit:10 (2bedroom ) As hotel Size :155.54 m2 Net:119.77 m2 Full Price:$ 650,157 Purchase Price:$ 393,296 (last price ) —————— Payment Period: Booking 5000 $ 7days after SPA 30%= $ 117,989 1% remain Installment ÷36months=$ 3,933 Last month pay 34% = $ 133,721 Information: Telegram: 095 826 xxx Click To Call WhatsApp: 081 823 xxx Click To Call Please click on phone number to show and don't forget to mention that you found this ad on Khmer24.com. Contact Phones 081823XXX 095826XXX Show Phone Number Chrouy Changva, Chrouy Changva, Phnom Penh Chrouy Changvar,Phnom Penh Save Report Share",True,
13802381,3bedroom high Floor Residence bkk1,https://www.khmer24.com/en/3bedroom-high-floor-residence-bkk1-adid-13802381,sale,Phnom Penh,Boeung Keng Kang,Condo,,search_category,,696000,176.0,3,search_card_text,3bedroom,,,,,,,,33,description,on the 33rd floor,,,,,,,,description_heading,"Main Category House & Land Category Condo For Sale Size 176m² 3BR High Floor Residence in BKK1 | 176 sqm | Fully Furnished for US$696,000 Experience elevated urban living in the heart of BKK1 with this spacious Refined Sky Residence on the 33rd floor of Wyndham Garden UC88. Offering 176 sqm gross (126 sqm net), the residence features a flexible 3–4 bedroom layout, open-plan living and dining, floor-to-ceiling windows, and a contemporary luxury interior designed for modern family living. Property Highlights Project: Wyndham Garden UC88 BKK1 33rd Floor | Unit 33-I 176 sqm Gross | 126 sqm Net 3 Bedroom Layout Fully Furnished Floor-to-Ceiling Windows Strata Title (Foreign Ownership Eligible) Eligible for Wyndham's Guaranteed Rental Return (GRR) Program Whether you're seeking a refined city home or a premium investment, Unit 33-I combines generous living space, international branded living, and a prime BKK1 location. Price: US$696,000 (Full Price: US$773,487) Thong Sokunthea Curator of Luxe Residences at ERA Cambodia 📞 +855 95 826 xxx Click To Call 💬 Telegram: @sokuthea_realestate_advisor 💬 WhatsApp: 081 823 xxx Click To Call Please click on phone number to show and don't forget to mention that you found this ad on Khmer24.com. Contact Phones 081823XXX 095826XXX Show Phone Number Boeng Keng Kang Muoy, Boeng Keng Kang, Phnom Penh Street 288 Corner Mornivong,bkk1, Phnom Penh Save Report Share",True,
13711496,3bedroom Corner Special Price,https://www.khmer24.com/en/3bedroom-corner-special-price-adid-13711496,sale,Phnom Penh,Chamkarmon,Condo,,search_category,,162527,91.0,3,search_card_text,3bedroom,,,,,,,,8,description,Floor:8,,,,,,,,json_ld_description,"Condo Vue Astone Unit: 8-Z1 (3BR) corner Floor:8 Size: 91.36 Sqm ✅ Special Price $162,527 Booking $ 2000 - SPA Payment 20% : $32,505.4 - install for 35 months 50% : $81,263.5 ($2,321/m) - Last payment 30% : $48,758.1 📣Now 3bedroom Special have limited Information: Telegram: 095 826 289 WhatsApp: 081 823 289",True,
13651765,4bedroom special in bkk1,https://www.khmer24.com/en/4bedroom-special-in-bkk1-adid-13651765,sale,Phnom Penh,Boeung Keng Kang,Condo,,search_category,,300781,190.0,4,search_card_text,4bedroom,,,,,,,,,,,,,,,,,,description_heading,"Main Category House & Land Category Condo For Sale Size 190m² Time Square 9 in bkk1 Street 278 Unit: 16C Floor 16 Size: 190 Sqm Type: 4bedroom Original Price: $ 353,860 Sale Price: $ 3xx,781 Information: 👉 Telegram: 095 826 xxx Click To Call WhatsApp: 081 823 xxx Click To Call Please click on phone number to show and don't forget to mention that you found this ad on Khmer24.com. Contact Phones 081823XXX 095826XXX Show Phone Number Boeng Keng Kang Muoy, Boeng Keng Kang, Phnom Penh Street 278, bkk1, Phnom Penh Save Report Share",True,
13452615,2bedroom Corner special,https://www.khmer24.com/en/2bedroom-corner-special-adid-13452615,sale,Phnom Penh,Boeung Keng Kang,Condo,,search_category,,200000,73.0,2,search_card_text,2bedroom,,,,,,,,,,,,,,,,,,description_heading,"Main Category House & Land Category Condo For Sale Size 73m² Le Cond’e bkk1 unit: 2921 floor level: 29F type: 2BEDROOM ( C1 ) direction: North gross area: 72.67㎡ net area: 54.50㎡ full price: $ 316,478 【Payoff Option】 ✅ price after discount : $ 244,640 [Payment Term] 5% booking 35% SPA 60% loan with Shinhan Bank ✅ Take with GRR 18%=$ 200,080 Information: 👉 Telegram: 095 826 xxx Click To Call WhatsApp: 081 823 xxx Click To Call Please click on phone number to show and don't forget to mention that you found this ad on Khmer24.com. Contact Phones 081823XXX 095826XXX Show Phone Number Boeng Keng Kang Muoy, Boeng Keng Kang, Phnom Penh Street 352 corner 57 ,bkk1,phnom penh Save Report Share",True,
12785088,តម្លៃក្រោមទីផ្សារ! ផ្ទះអាជីវកម្មច្រើនល្វែង លក់ជិត Aeon 2 !,https://www.khmer24.com/en/aeon-2-adid-12785088,sale,Phnom Penh,Sen Sok,Condo,Shophouse,search_category,detail_structured=House; kept search category=Condo,200000,258.0,4,search_card_text,4 Bedroom,,,5,search_card_text,5 Bathroom,,description=4 from '4 Bathroom',,,,,,,,,,,description_heading,"Main Category House & Land Category House For Sale Bedroom 4 Bathroom 5 Facing West Size 258m² Type Shophouse 🏫🔥 តម្លៃក្រោមទីផ្សារ! ផ្ទះអាជីវកម្មច្រើនល្វែង លក់ជិត AEON Mall Sen Sok City 🔥 📍 ត្រឹម 2 នាទីពី AEON 2 – ទីតាំងពាណិជ្ជកម្មសកម្ម 💼 សមស្របសម្រាប់៖ ការិយាល័យ | គ្លីនិក | សាលារៀន | អាជីវកម្ម | ស្នាក់នៅ 💰 តម្លៃលក់: $200,000/ល្វែង 📑 ប្លង់រឹង 📐 ដី 102sqm (4.1m × 25m) 🏢 អគារ 258sqm (4.1m × 18m), 3.5 ជាន់, ខាងមុខ 5m /ខាងក្រោយ 2m 🛏 4 បន្ទប់គេង | 🚿 5 បន្ទប់ទឹក 🌅 បែរទិសលិច 🏗 ជាន់ក្រោមកម្ពស់ 5m (ល្អសម្រាប់អាជីវកម្ម/សាលារៀន 🏚 មានទូចង្រ្កានលើក្រោម, វាំងនន និងម៉ាស៊ីនត្រជាក់ស្រាប់ 📍 ផ្លូវបុរីអង្គ, ខណ្ឌសែនសុខ, ភ្នំពេញ 🗺 Map: https://maps.app.goo.gl/dxmF2btkEQfPtkCX8 📞 Ms. Phanna 📱 011 333 xxx Click To Call | 093 682 xxx Click To Call 💬 Telegram: t.me/HENG_Phanna 📧 [email protected] Please click on phone number to show and don't forget to mention that you found this ad on Khmer24.com. Contact Phones 093682XXX 011333XXX Show Phone Number Phnom Penh Thmei, Saensokh, Phnom Penh នៅផ្លូវ បុរីអង្គរ ជិតផ្សារទំនើប Aeon Mall 2 Show on Google Map Save Report Share",True,True
13567922,3bedroom Resale in bkk1,https://www.khmer24.com/en/3bedroom-resale-in-bkk1-adid-13567922,sale,Phnom Penh,Boeung Keng Kang,Condo,,search_category,,250000,120.0,3,search_card_text,3bedroom,,,,,,,,,,,,,,,,,,description_heading,"Main Category House & Land Category Condo For Sale Size 120m² Time Square 5 Street 306 Unit: 40X2 ( Resale) Floor 40 Type: 3 Bedroom Size 120sqm (Gross Area) Sale price 250,000$ ( negotiate) Information: Telegram: 095 826 xxx Click To Call WhatsApp: 081 823 xxx Click To Call Please click on phone number to show and don't forget to mention that you found this ad on Khmer24.com. Contact Phones 081823XXX 095826XXX Show Phone Number Boeng Keng Kang Muoy, Boeng Keng Kang, Phnom Penh Sto306,bkk1, Phnom Penh Save Report Share",True,
13567768,2bedroom special in Beonkok1,https://www.khmer24.com/en/2bedroom-special-in-beonkok1-adid-13567768,sale,Phnom Penh,Daun Penh,Condo,,search_category,,175000,80.0,2,search_card_text,2bedroom,,,,,,,,,,,,,,,,,,description_heading,"Main Category House & Land Category Condo For Sale Size 80m² City View Unit:29F13 (two bedrooms) Northeast Gross:80.01m2 ,net:67.99m2 Original price:235540 Top discount 15%: 200,209 Payment Booking fee 5,000$ First payment 30%= 60,063$ Installmen 70%= 140,146 ➗12months= 11,679$ Payoff last price: 175000$ Information: Telegram: 095 826 xxx Click To Call WhatsApp: 081 823 xxx Click To Call Please click on phone number to show and don't forget to mention that you found this ad on Khmer24.com. Contact Phones 081823XXX 095826XXX Show Phone Number Srah Chak, Doun Penh, Phnom Penh Bronkok1 ,Phnom Penh Save Report Share",True,
13658320,Big Sky Villa Near,https://www.khmer24.com/en/big-sky-villa-near-riverside-adid-13658320,sale,Phnom Penh,Riverside Chrouy Changva,Condo,,search_category,,850000,415.0,,,,,,,,,,,31,description,Floor : 31,,,,,,,,description_heading,"Main Category House & Land Category Condo For Sale Size 415m² ✨✨ WEALTH MANSION ✨✨ ----------✨✨✨✨--------- 👉Type : Sky Villa 👉Floor : 31 👉Unit : H(18) 👉Gross area : 415.25 m2 👉Net area : 304.04 m2 🔎View : North-East-South -------------------------------- 💵 Early Year Promotion price 👉 $ 850,000 -------------------------------- 🗓Payment term🗓 - - - - - - - - - 💵💵Booking : $10,000 ✍️✍️SPA 30% =$ 255,000 ➡️ 3 months after SPA pay 30% = $225,000 ➡️ 6 months after SPA pay 40%= $340,000 -------------------------------- ✨✨Note✨✨ 🎖Hard title : Freehold 🎖Unit : Bare Unit exactly like nowadays situation 🎖Warranty period : Foundation and main structure of the building is 50 years Booking now Free Full Furniture and Decorations 👉Tel : 095 826 xxx Click To Call /081 823 289 Please click on phone number to show and don't forget to mention that you found this ad on Khmer24.com. Contact Phones 081823XXX 095826XXX Show Phone Number Chrouy Changva, Chrouy Changva, Phnom Penh Chrouy Changvar Save Report Share",True,
13128678,Premium unit 4 bedrooms Conner,https://www.khmer24.com/en/premium-unit-4-bedrooms-conner-adid-13128678,sale,Phnom Penh,Boeung Keng Kang,Condo,,search_category,,285948,190.0,4,search_card_text,4 bedrooms,,,3,description,3 Bathrooms,,,5,description,Floor: 5th,,,,,,,,description_heading,"Main Category House & Land Category Condo For Sale Size 190m² Project: Time Square 9 Floor: 5th Size: 190 m2 Type: 4 Bedrooms & 3 Bathrooms View: Independent ( North & East) Original Price: $317720 Special Discount:$285,948 Easy Payment Flexible More Detail (+855) 95 446 456 (+855) 92 949 289 (+855) 69 264 289 Telegram: https://t.me/Jeff_Realtor Chanel: https://t.me/Properties855 Email: [email protected] Please click on phone number to show and don't forget to mention that you found this ad on Khmer24.com. Contact Phones 069264XXX 066656XXX 095446XXX Show Phone Number Boeng Keng Kang Muoy, Boeng Keng Kang, Phnom Penh xxx Click To Call Save Report Share",True,
12584529,"Size: 608. Sqm, Luxurious 4-Bedroom",https://www.khmer24.com/en/size-608-sqm-luxurious-4-bedroom-adid-12584529,sale,Phnom Penh,Boeung Keng Kang,Condo,,search_category,,2666656,608.0,4,search_card_text,4-Bedroom,,,,,,,,38,description,38th floor,,,,,,,,description_heading,"Main Category House & Land Category Condo For Sale Size 608m² Premium Apartments in BKK1 📍Location: BKK1, Street 322 Corner Monivong Boulevard, Phnom Penh Cambodia 38th floor Gross: 608 Sqm Net: 435 Sqm Sale Price $2,666,666 Provide full furnitures Provide decoration Installment 12 months without interest Telegram: https://t.me/samol789 WhatsApp: https://wa.me/c/85515265289 Please click on phone number to show and don't forget to mention that you found this ad on Khmer24.com. Contact Phones 069264XXX 066656XXX 095446XXX Show Phone Number Boeng Keng Kang Muoy, Boeng Keng Kang, Phnom Penh Monivong Boulevard Corner 322, BKK1, Phnom Penh, Cambodia Show on Google Map Save Report Share",True,
13711861,3bedroom in bkk1 Resale Special,https://www.khmer24.com/en/3bedroom-in-bkk1-resale-special-adid-13711861,sale,Phnom Penh,Boeung Keng Kang,Condo,,search_category,,250000,120.0,3,search_card_text,3bedroom,,,,,,,,,,,,,,,,,,json_ld_description,"Condo Time Square 6 in bkk1 Street 306 Type: 3 Bedroom resell Unit 40X2 Floor 40 Size 120sqm (Gross Area) ✅Special price 250,000$ ( Negotiate) Information: Telegram: 095 826 289 WhatsApp: 081 823 289 Noted: Management fee: 1$/sqm Car parking: 60 per month Motorbike parking: 10$ per month Electricity: 0.25$ Water: 0.60$",True,
13830795,Duplex 4bedroom High Floor Special,https://www.khmer24.com/en/duplex-4bedroom-high-floor-special-adid-13830795,sale,Phnom Penh,Toul Kork,Condo,,search_category,,194000,160.0,4,search_card_text,4bedroom,,,,,,,,35,description,Floor:35,,,,,,,,description_heading,"Main Category House & Land Category Condo For Sale Size 160m² TIME SQUARE 7 Unit: 35A Floor:35 Size: 160 Sqm Type; Duplex 4 bedroom ✅ Original Price: $ 220,500 ✅ Sale Price: $194,040 ( Negotiate) 🔥Booking Now Special To discount Booking $ 1000 Down payment 20% Installment 40% (35months) Handovers 40% Information: ☎️ Tel: 095 826 xxx Click To Call /081 823 289 👉 Telegram:@sokuthea_realestate_advisor WhatsApp: 081 823 xxx Click To Call Please click on phone number to show and don't forget to mention that you found this ad on Khmer24.com. Contact Phones 081823XXX 095826XXX Show Phone Number Boeng Kak Muoy, Tuol Kouk, Phnom Penh TK Avenue, Phnom Penh Save Report Share",True,
13482532,ខន់ដូលក់បន្ទាន់,https://www.khmer24.com/en/condo-for-sale-adid-13482532,sale,Phnom Penh,Boeung Keng Kang,Condo,,search_category,,85000,65.0,2,description,Two-bedroom,,,,,,,,16,description,Floor : 16th,,,,,,,,description_heading,"Main Category House & Land Category Condo For Sale Size 65m² Urgent sale • Type : Two-bedroom unit • Size: 64.51m2 • Price : $85,000 • Floor : 16th • Swimming pool • Fitness center • 24/7 security & reception • Parking • Elevator access • Clean, modern common areas • Located in Toul Svay Prey 1 district, close to city attractions, restaurants, coffee shops, retail stores, and commercial buildings. For more information, Please feel free to contact us! Sarina Please click on phone number to show and don't forget to mention that you found this ad on Khmer24.com. Contact Phones 010766XXX Show Phone Number Tuol Svay Prey Muoy, Boeng Keng Kang, Phnom Penh E0 Show on Google Map Save Report Share",True,
12917537,Corner 2Bedrooms Agile sky residence for good price,https://www.khmer24.com/en/corner-2bedrooms-agile-sky-residence-for-good-price-adid-12917537,sale,Phnom Penh,Boeung Keng Kang,Condo,,search_category,,125000,58.0,2,search_card_text,2Bedrooms,,,,,,,,,,,,,,,,,,description_heading,"Main Category House & Land Category Condo For Sale Size 58m² 🏢 CORNER 2 BEDROOMS - AGILE SKY RESIDNECE! 🎉 SALE ONLY $125,000 | Hard title ✅ Net Size 58m2 ✅ Direction East/South ✅ Lowest floor ✅ Fully Furnished 📍 Location: Monivong Blvd, Next to BKK1 are —————— 詳細情報はお気軽にお問い合わせください。 𝐌𝐨𝐫𝐞 𝐢𝐧𝐟𝐨 𝐩𝐥𝐞𝐚𝐬𝐞: 日本語対応可能 📞Tel: 099666xxx Click To Call 📱Direct: https://t.me/bora_century21 🔗Join: https://t.me/resalecondo Please click on phone number to show and don't forget to mention that you found this ad on Khmer24.com. Contact Phones 099666XXX Show Phone Number Boeng Keng Kang Muoy, Boeng Keng Kang, Phnom Penh phnompenh Save Report Share",True,
13075372,Condo for sale,https://www.khmer24.com/en/condo-for-sale-adid-13075372,sale,Phnom Penh,Sen Sok,Condo,,search_category,,91000,84.0,,,,,,,,,,,,,,,,,,,,,meta_description,"Condo for sale price $91000.00 Sale posted by Sovann Rina in Phnom Penh Thmei, Saensokh, Phnom Penh Cambodia on Khmer24.com.",True,
13089139,ខុនដួរលក់ បន្ទាន់ Condo Sale Urgent,https://www.khmer24.com/en/condo-sale-urgent-adid-13089139,sale,Phnom Penh,Toul Kork,Condo,,search_category,,35000,36.0,1,description,Bedroom - 01,,,1,description,Bathroom - 01,,,,,,,,,,,,,description_heading,"Main Category House & Land Category Condo For Sale Size 36m² Condo for Sale - Fully Furnished (Toul Kork) - 01 Bedroom - 01 Bathroom - 01 Kitchen - 01 Balcony * TV, Decor Closet 1 set, Modern Kitchen. *Bedding set with attached Mattress * Condo Size: 35 sqm + 02 Elevators + 24/7 Security Guards + Address: St.319 corner St.596, Sangkat Boeng Kak 2, Khan Toul Kork (Near Entrak Tevy School) + Foreigner and local can buy 100% ownership (Hard Title) Google Map: https://maps.app.goo.gl/kMxu5XBfAWhz8gda9?g_st=ipc Pls Contact:(Telegram) 011 667xxx Click To Call Please click on phone number to show and don't forget to mention that you found this ad on Khmer24.com. Contact Phones 011667XXX Show Phone Number Boeng Kak Pir, Tuol Kouk, Phnom Penh St.319 កែង St.596 ទូលគោក Save Report Share",True,
13511302,"2 បន្ទប់គេងលក់បន្ទាន់ $200,000 - ជ្រោយចង្វារ",https://www.khmer24.com/en/2-200000-adid-13511302,sale,Phnom Penh,Chrouy Changva,Condo,,search_category,,200000,104.0,2,search_card_text,2 បន្ទប់គេង,,,,,,,,20,description,Floor : 20,,,,,,,,json_ld_description,"🌆 ខុនដូសម្រាប់លក់-Condo Resale at La Vista one✨✅ 📍ទីតាំង-Location : ជ្រោយចង្វារ - Chrouy Changva ❇️ប្រភេទ-Type : 2 បន្ទប់គេង- 2 bedrooms ❇️តម្លៃ-Price : $200,000💰 ❇️ជាន់-Floor : 20 ❇️ទំហំ-Size : 104 sqm ❇️ហ្វ្រីសេវាគ្រប់គ្រង និងសម្ភារៈ - Free management fee and furniture ———————————————————————— For details information: 📲 (+855)93 536 999/ 61 536 999 ✍️ Telegram: https://t.me/internalsaleteam",True,
13760573,"bed sale $120,000",https://www.khmer24.com/en/3-bed-sale-120000-adid-13760573,sale,Phnom Penh,Toul Kork,Condo,,search_category,,120000,100.0,3,search_card_text,3 bed,,,,,,,,10,description,Floor : 10,,,,,,,,json_ld_description,"🌆 ខុនដូសម្រាប់លក់-Condo for sale at Time Square 3✨❇️ 📍ទីតាំង - Location : ទួលគោក - Toul Kork ❇️ប្រភេទ - Type : 3 បន្ទប់គេង - 3 bedrooms ❇️តម្លៃ - Price : $120,000 (Open Negotiate) ❇️ជាន់ - Floor : 10 ❇️ទំហំ - Size : 100m2 ❇️ផ្ដល់ជូនសម្ភារៈទាំងអស់ + ការដេគ័រ ❇️អាចជួលបានចន្លោះពី $800 $900-Rental Income $800 $900 Per month ———————————————————————— For details information: 📲 (+855)93 536 999/ 61 536 999 ✍️ Telegram: https://t.me/internalsaleteam",True,
13773341,Condo bkk promotion 10%,https://www.khmer24.com/en/condo-bkk-promotion-10-adid-13773341,sale,Phnom Penh,Boeung Keng Kang,Condo,,search_category,,78900,50.0,,,,,,,,,,,,,,,,,,,,,description_heading,"Main Category House & Land Category Condo For Sale Size 50m² ✨🌆បញ្ចុះតម្លៃពិសេស ១០% សម្រាប់ ៣ យូនីតចុងក្រោយនៃគម្រោង - Time Square 11! ❓👉ហេតុអ្វីបានជាត្រូវជ្រើសរើសយូនីតទាំងនេះ? ❇️សក្តានុពលវិនិយោគ៖ ជាប្រភេទខុនដូដែលមានតម្រូវការជួលខ្ពស់ និងចំណេញកើនឡើងជារៀងរាល់ឆ្នាំ។ ❇️ផាសុកភាព៖ ទំហំធំ ៥០ម2 រស់នៅបានស្រួល និងមានទេសភាពទីក្រុងដ៏ស្រស់ស្អាតពីជាន់ខ្ពស់។ ❇️លក្ខខណ្ឌបង់ប្រាក់៖ បង់មុនតែ ១០% និងបង់រំលោះដោយគ្មានការប្រាក់រហូតដល់ ៣៥ខែ។ ———————————————————————— For details information: 📲 (+855)93 536 999/ 61 536 999 ✍️ Telegram: https://t.me/internalsaleteam Please click on phone number to show and don't forget to mention that you found this ad on Khmer24.com. Contact Phones 061536XXX 093536XXX 068536XXX Show Phone Number Boeng Keng Kang Bei, Boeng Keng Kang, Phnom Penh Bkk3 - Street 113 Show on Google Map Save Report Share",True,
13801565,2 BR Residence Condo L For sell,https://www.khmer24.com/en/2-br-residence-condo-l-for-sell-adid-13801565,sale,Phnom Penh,Chamkarmon,Condo,,search_category,,120000,65.0,2,search_card_text,2 BR,,,,,,,,3,description,Located on 3rd Floor,,,,,,,,description_heading,"Main Category House & Land Category Condo For Sale Size 65m² 2 BR Condo L at Beung Trobeuk for sell. Easy access to Toul Tompoung Market, Chipmong 271 etc. Transfer of hard title deed. Located on 3rd Floor and we currently have rental guest of 400$ per month. Please click on phone number to show and don't forget to mention that you found this ad on Khmer24.com. Contact Phones 011323XXX 086926XXX Show Phone Number Boeng Trabaek, Chamkar Mon, Phnom Penh Near Street 466 Save Report Share",True,
13089535,3bedroom High,https://www.khmer24.com/en/3bedroom-high-floor-adid-13089535,sale,Phnom Penh,Floor Chrouy Changva,Condo,,search_category,,270000,127.0,3,search_card_text,3bedroom,,,,,,,,26,description,Floor: 26,,,,,,,,description_heading,"Main Category House & Land Category Condo For Sale Size 127m² LA VISTA ONE Unit: B-26-01 Building : 01 Floor: 26 Room: 01 Size : 127m2 View : OCIC and Mekong View Original Price: $397,$$$ Special Price :$ 270,000 ——————————— *Payment Term -Booking:$2000 -SPA30% and 50% installments 36months 20% handover Information: 👉 ☎️ 081 823 xxx Click To Call ☎️ 095 826 xxx Click To Call WhatsApp: (+855) 81 823 289 Telegram: @sokuthea_realestate_advisor ——————————————— Please click on phone number to show and don't forget to mention that you found this ad on Khmer24.com. Contact Phones 081823XXX 095826XXX Show Phone Number Chrouy Changva, Chrouy Changva, Phnom Penh Street Mekong Save Report Share",True,
13508234,Become rental Condo for sale | Time Square,https://www.khmer24.com/en/become-rental-condo-for-sale-time-square-3-adid-13508234,sale/rent,Phnom Penh,Boeung Keng Kang,Condo,,search_category,,57000,36.0,1,description,One-Bedroom,,,,,,,,,,,,,,,,,,description_heading,"Main Category House & Land Category Condo For Sale Size 36m² Great Opportunity | Time Square 3 Toul Kok area 🎉 Sale price at $57,000 (Nego) 📍 In Toul Kok, very close to TK Avenue market. ✅ Buy now get rental income $400/month ✅ On 15th Floors ✅ One-Bedroom slide ✅ Facility: Infinity swimming pool, Fitness Gym, High grown Skybar and Car Parking lot... ✨ Great Opportunity for Living or Investment! —————— 𝐌𝐨𝐫𝐞 𝐢𝐧𝐟𝐨 𝐩𝐥𝐞𝐚𝐬𝐞: 詳細情報はお気軽にお問い合わせください。 日本語対応可能 📞Tel: 099666xxx Click To Call 📱Direct: https://t.me/bora_century21 🔗Join: https://t.me/resalecondo Please click on phone number to show and don't forget to mention that you found this ad on Khmer24.com. Contact Phones 099666XXX Show Phone Number Boeng Keng Kang Muoy, Boeng Keng Kang, Phnom Penh Phnom Penh Save Report Share",True,
12535404,One bedroom BRKL,https://www.khmer24.com/en/one-bedroom-brkl-adid-12535404,sale,Phnom Penh,Prampi Makara,Condo,,search_category,,43000,34.0,1,search_card_text,One bedroom,,,,,,,,,,,,,,,,,,description_heading,"Main Category House & Land Category Condo For Sale Size 34m² Pay off, one bedroom can negotiate. 47,000$ pay iíntallment(down 10%). If pay full payment can sell $43000 Please click on phone number to show and don't forget to mention that you found this ad on Khmer24.com. Contact Phones 070289XXX Show Phone Number Veal Vong, Prampir Meakkakra, Phnom Penh Borey keila can sell $47000, pay installment. If pay full payment can sell $42000 Save Report Share",True,
13818603,ខុនដូលក់បន្ទាន់ ជាន់ខ្ពស់ 50ជាន់,https://www.khmer24.com/en/condo-for-sale-adid-13818603,sale,Phnom Penh,Meanchey,Condo,,search_category,,69800,47.0,1,description,1-BEDROOM,,,1,description,1 Bathroom,,,50,description,Floor: 50th,,,,,,,,json_ld_description,"🔥 URGENT 1-BEDROOM RESALE | URBAN VILLAGE PHASE 2 Don’t miss this excellent opportunity to own a high-floor unit at one of Phnom Penh’s most sought-after condominium projects! 🏙️ Property Details 📍 Project: Urban Village Phase 2 🏢 Unit: F5001 ⬆️ Floor: 50th | Room 01 🛏️ 1 Bedroom 🛁 1 Bathroom 📐 Size: 47 sqm 💰 Original Purchase Price: $100,606 🔥 Urgent Resale Price: Only $69,800 ✨ Property Highlights ✅ Brand-new resale unit ✅ Never occupied ✅ Bare-shell condition – customize your dream home ✅ High-floor unit with excellent views ✅ Ideal for living or investment 📞 Contact for viewing and more information: 095 446 456 📲 Telegram: @Jeff_Realtor Act fast—this price won’t last! 🔥 #UrbanVillage #UrbanVillagePhase2 #CondoForSale #ResaleUnit #PhnomPenhProperty #LuxuryCondo #RealEstateCambodia #JeffRealtor #InvestmentOpportunity #UrgentSale",True,
13818551,One-bedroom urgent sale / high floor 50th,https://www.khmer24.com/en/one-bedroom-urgent-sale-high-floor-50th-adid-13818551,sale,Phnom Penh,Meanchey,Condo,,search_category,,69888,47.0,1,search_card_text,One-bedroom,,,,,,,,,,,,,,,,,,meta_description,"One-bedroom urgent sale / high floor 50th price $69888.00 Sale posted by PROPERTIES IN PHNOM PENH CAMBODIA in Chak Angrae Leu, Mean Chey, Phnom Penh Cambodia on Khmer24.com.",True,
13676221,ខុនដូម្ចាស់លក់ខាត,https://www.khmer24.com/en/condo-for-sale-adid-13676221,sale,Phnom Penh,Chrouy Changva,Condo,,search_category,,55000,49.0,,,,,,,,,,,,,,,,,,,,,description_heading,"Main Category House & Land Category Condo For Sale Size 49m² 💝Hello Dear. I am Sophea Van Jeff real estate sales consultant. Please let me know how we can help you. I specialize in helping clients achieve their property goals. Let’s make your real estate dream a reality! More Detail (+855) 95 446 456 (+855) 92 949 289 (+855) 69 264 289 Telegram: @Jeff_Realtor Chanel: @Properties855 Email: [email protected] Please click on phone number to show and don't forget to mention that you found this ad on Khmer24.com. Contact Phones 069264XXX 066656XXX 095446XXX Show Phone Number Chrouy Changva, Chrouy Changva, Phnom Penh xxx Click To Call Save Report Share",True,
13791648,2 Bedroom,https://www.khmer24.com/en/2-bedroom-promotion-adid-13791648,sale,Phnom Penh,Promotion Chrouy Changva,Condo,,search_category,,133800,86.0,2,search_card_text,2 Bedroom,,,,,,,,,,,,,,,,,,description_heading,"Main Category House & Land Category Condo For Sale Size 86m² 💠 Special Promotion 2025 ❇️ Project: La Vista One Unit: B2123 Size: 86 m2 Type: Two Bedrooms View: Tonle Sab River ✅Special Offer ✅Final price = $ 133800 ❤️ Payment Terms Booking: $2000 SPA 30% Installment 50% / 36 months Handover 20% 💖INCLUDES ✅Air-con ✅Kitchen set ✅Bathroom set ✅ Wardrobe ✅Bedroom ✅ Sofa ✅Dining Table 🟣 La Vista One Most welcome 🙏 More Detail (+855) 95 446 456 (+855) 92 949 289 (+855) 69 264 289 Telegram: https://t.me/Jeff_Realtor Chanel: https://t.me/Properties855 Email: [email protected] #PenthouseLiving #LuxuryLifestyle #SkyHighLiving #DreamHome Please click on phone number to show and don't forget to mention that you found this ad on Khmer24.com. Contact Phones 069264XXX 066656XXX 095446XXX Show Phone Number Chrouy Changva, Chrouy Changva, Phnom Penh 095 446 xxx Click To Call Show on Google Map Save Report Share",True,
13793469,🏘 វីឡាព្រីន កែង(Prince-A) ក្នុងបុរី ប៉េងហួតបឹងស្នោ ត្រូវការលក់បន្ទាន់ខ្លាំង (កូដ: A01-122068),https://www.khmer24.com/en/prince-a-a01-122068-adid-13793469,sale,Phnom Penh,Chbar Ampov,Condo,Villa,search_category,detail_structured=House; kept search category=Condo,850000,,5,search_card_text,5 Bedroom,,,6,search_card_text,6 Bathroom,,description=5 from '5 Bathroom',,,,,,,,,,,description_heading,"Main Category House & Land Category House For Sale Bedroom 5 Bathroom 6 Type Villa 🏘 វីឡាព្រីន កែង(Prince-A) ក្នុងបុរី ប៉េងហួតបឹងស្នោ ត្រូវការលក់បន្ទាន់ខ្លាំង (កូដ: A01-122068) 💰 តម្លៃត្រឹមតែ៖ 850,000 ដុល្លារ (អាចចរចាបាន) 🔹 តម្លៃនេះបូករួមទាំងការផ្ទេរកម្មសិទ្ធិជូន 🔹 ទំហំដី៖ 16.4ម x 27ម 🔹 ទំហំផ្ទះ៖ 11ម x 15.6ម 🔹 បន្ទប់គេង 5 និង បន្ទប់ទឹក 6 🚩 ទីតាំង៖ 7 នាទីពីស្ពានច្បារអំពៅ ខណ្ឌច្បារអំពៅ => ការរស់នៅសុវត្ថិភាព ផាសុខភាព និង ពោរពេញទៅដោយគម្រោង ធំៗ ផ្សារ និង ខុនដូ 👉 សម្រាប់ព័ត៌មានបន្ថែមសូមទូរស័ព្ទមកលេខ៖ 📲 011 735 xxx Click To Call 📲 010 245 xxx Click To Call 👉 ជជែកជាមួយភ្នាក់ងារ 👇៖ ភ្នាក់ងារលក់៖ t.me/chhaileab_Advanced ⭐️ អចលនទ្រព្យលក់បន្ទាន់ៗតម្លៃល្អក្រោមទីផ្សារខ្លាំង 👇 https://t.me/ADVANCEDChbaAmpov https://t.me/ADVANCEDPropertySale https://t.me/ADVANCEDPropertyforrent ⭐️ Join Khmer24 mini App 👇 👉 https://miniapp.Khmer24.com/C21Advanced 📜 លេខអាជ្ញាបណ្ណ: E-15-167 ------------------------------ #PengHuoth #Advanced #ADVANCED #ADVANCEDPROPERTY Please click on phone number to show and don't forget to mention that you found this ad on Khmer24.com. Contact Phones 011735XXX 010245XXX Show Phone Number Veal Sbov, Chbar Ampov, Phnom Penh Phnom Penh, Chbar Ampov, Veal Sbov Save Report Share",True,True
13782220,ដីលក់ បន្ទាន់ នៅជិតអគ្គនាយកដ្ឋានពន្ធដារថ្មី,https://www.khmer24.com/en/land-for-sale-adid-13782220,sale,Phnom Penh,Chrouy Changva,Condo,,search_category,,1550,2300.0,,,,,,,,,,,,,,,,,,,,,description_heading,"Main Category House & Land Category Land For Sale Size 2300m² 🏡 ដីលក់បន្ទាន់! ម្ចាស់ផ្ទាល់! តម្លៃអាចចារបាន - ក្បាលដីទំហំ 22 ម៉ែត្រ - ទំហំដី : 2300 ម៉ែត្រការ៉េ! តម្លៃ 1550 $ ក្នុងមួយការ៉េ (ចចារ) - សាកសមបំផុតសម្រាប់សាងសង់ទៅតាមពហុបំណងផ្សេងៗ - មានផ្លូវ មុខ ក្រោយ! - ដីបែរមុខទៅទន្លេសាប - សក្តានុពល មានមនុស្សរស់នៅច្រើន 500m ពីរង្វង់មូលព្រហ្ម 🚩 ទីតាំងក្បែរអាគារអគ្គពន្ធដារថ្មី 👉សម្រាប់ព័ត៌មានលម្អិតសូមទូរស័ព្ទមកលេខ៖ 📲Cellcard 077 522 xxx Click To Call 📲Smart 098 662 xxx Click To Call t.me/Ratanaouk_dmt2266 Please click on phone number to show and don't forget to mention that you found this ad on Khmer24.com. Contact Phones 077522XXX 098662XXX Show Phone Number Chrouy Changva, Chrouy Changva, Phnom Penh ភ្នំពេញ, ជ្រោយចង្វារ, ជ្រោយចង្វារ Show on Google Map Save Report Share",True,
13771952,📣ដីលក់350$ក្នុង1ម៉ែត្រការ៉េ(ចរចា)ប្លុកទួលពង្រ,https://www.khmer24.com/en/3501-adid-13771952,sale,Phnom Penh,Por Senchey,Condo,,search_category,,350,2763.0,,,,,,,,,,,,,,,,,,,,,description_heading,"Main Category House & Land Category Land For Sale Size 2763m² 🏗️ ដីលក់តម្លៃពិសេស នៅចោមចៅ១ ខណ្ឌពោធិ៍សែនជ័យ ប្រភេទដីកែង ទំហំផ្លូវកែង25ម៉ែត្រ! 📍 ទីតាំងល្អ ជិតតំបន់ឧស្សាហកម្ម និងផ្លូវធំ ងាយស្រួលចេញ ✅ ទំហំដី៖ 2,763 ម៉ែត្រការ៉េ !📐 💰 តម្លៃត្រឹម $350/ម៉ែត្រការ៉េ (អាចចរចាបាន) 🌟 សាកសមសម្រាប់៖ ✔️ សង់ឃ្លាំង ✔️ រោងចក្រ ✔️ បុរី ឬវីឡា ✔️ វិនិយោគទុកចំណេញ 🚛 ផ្លូវធំ រថយន្តធុនធំចេញចូលបានងាយ 📩 Inbox ឥឡូវនេះ! ដីទីតាំងល្អ តម្លៃបែបនេះរកមិនងាយទេ 📞 093728xxx Click To Call , 012444xxx Click To Call (@Cheoun_Monyrak) Please click on phone number to show and don't forget to mention that you found this ad on Khmer24.com. Contact Phones 093728XXX 012444XXX Show Phone Number Chaom Chau 1, Por Senchey, Phnom Penh ស្តិតនៅភូមិត្រពាំងរំចេកសង្កាត់ចោមចៅ១ខណ្ឌពោធិ៍សេនជ័យក្រុង ភ្នំពេញ Show on Google Map Save Report Share",True,
13791647,Penthouse for,https://www.khmer24.com/en/penthouse-for-sale-adid-13791647,sale,Phnom Penh,sale Chrouy Changva,Condo,,search_category,,980000,260.0,,,,,,,,,,,,,,,,,,,,,description_heading,"Main Category House & Land Category Condo For Sale Size 260m² PROJECT: LA VISTA ONE Flat Villa & Penthouse Size: 260.05m2 View: 3 River and City View Price:$980,000 ( Asking Price ) PAYMENT TERM Booking $10000 SPA 30% Installment 12 months Hanover 10% More Detail (+855) 95 446 456 (+855) 92 949 289 (+855) 69 264 289 Telegram: https://t.me/Jeff_Realtor Chanel: https://t.me/Properties855 Email: [email protected] Please click on phone number to show and don't forget to mention that you found this ad on Khmer24.com. Contact Phones 069264XXX 066656XXX 095446XXX Show Phone Number Chrouy Changva, Chrouy Changva, Phnom Penh xxx Click To Call Show on Google Map Save Report Share",True,
13773466,Owner's urgent sale 1 unit only,https://www.khmer24.com/en/owners-urgent-sale-1-unit-only-adid-13773466,sale,Phnom Penh,Toul Kork,Condo,,search_category,,66666,50.0,0,description,Studio,,,,,,,,11,description,Floor: 11th,,,,,,,,description_heading,"Main Category House & Land Category Condo For Sale Size 50m² [Royal Platinum - 1 Unit | Urgent Resale] ✅ Ready for Occupancy! ✅ Type: Studio ✅ Sale Under Market Price ——————————————- [Unit NO: #11-18] Floor: 11th , Room: 18 Size: 50 SQM Purchase Price: $ 100K Now Only Price: $ 66,666 (Negotiable) ——————————————- Please click on phone number to show and don't forget to mention that you found this ad on Khmer24.com. Contact Phones 069264XXX 066656XXX 095446XXX Show Phone Number Boeng Kak Muoy, Tuol Kouk, Phnom Penh xxx Click To Call Save Report Share",True,
13752029,Urgent sale / ខុនដូលក់បន្ទាន់,https://www.khmer24.com/en/urgent-sale-adid-13752029,sale,Phnom Penh,Toul Kork,Condo,,search_category,,67789,50.0,0,description,Studio,,,,,,,,11,description,Floor: 11th,,,,,,,,description_heading,"Main Category House & Land Category Condo For Sale Size 50m² [Royal Platinum - 1 Units | Urgent Resale] ✅ Ready for Occupancy! ✅ Type: Studio ✅ Sale Under Market Price ——————————————- [Unit NO: #11-18] Floor: 11th , Room: 18 Size: 50 SQM Purchase Price: $ 100K Now Only Price: $ 90,000 (Negotiable) ——————————————- 🔥Note : Big Discount for Serious Buyers and investors. 💬 Contact us for more info https://t.me/Jeff_Realtor Please click on phone number to show and don't forget to mention that you found this ad on Khmer24.com. Contact Phones 069264XXX 066656XXX 095446XXX Show Phone Number Boeng Kak Muoy, Tuol Kouk, Phnom Penh xxx Click To Call Save Report Share",True,
13690051,ខុនដូម្ចាស់លក់ខាតខ្លាំង,https://www.khmer24.com/en/condo-for-sale-adid-13690051,sale,Phnom Penh,Chrouy Changva,Condo,,search_category,,59999,49.0,0,description,Studio,,,,,,,,,,,,,,,,,,description_heading,"Main Category House & Land Category Condo For Sale Size 49m² Project: La Vista One ❇️ Size: 49 sqm 💖Unit type: Studio Room 🏝View: 3 River and City 🏦Original Price: 141000 ✅ Resale price: 59,999$ ( ចរចាបានតិចតួចទៀត) I am Sophea Van Jeff, a luxury real estate sales consultant. Please let me know how we can help you. More Detail (+855) 95 446 456 (+855) 92 949 289 (+855) 69 264 289 Telegram: @Jeff_Realtor Chanel: @Properties855 Please click on phone number to show and don't forget to mention that you found this ad on Khmer24.com. Contact Phones 069264XXX 066656XXX 095446XXX Show Phone Number Chrouy Changva, Chrouy Changva, Phnom Penh xxx Click To Call Save Report Share",True,
13690075,លក់ឡៃឡង់ខាតច្រើន,https://www.khmer24.com/en/condo-for-sale-adid-13690075,sale,Phnom Penh,Chrouy Changva,Condo,,search_category,,59789,49.0,0,description,Studio,,,,,,,,,,,,,,,,,,description_heading,"Main Category House & Land Category Condo For Sale Size 49m² Project: La Vista One ❇️ Size: 49 sqm 💖Unit type: Studio Room 🏝View: 3 River and City 🏦Original Price: 141000 ✅ Resale price: 59789 ( ចរចារបានតិចតួច ) I am Sophea Van Jeff, a luxury real estate sales consultant. Please let me know how we can help you. More Detail (+855) 95 446 456 (+855) 92 949 289 (+855) 69 264 289 Telegram: @Jeff_Realtor Chanel: @Properties855 Please click on phone number to show and don't forget to mention that you found this ad on Khmer24.com. Contact Phones 069264XXX 066656XXX 095446XXX Show Phone Number Chrouy Changva, Chrouy Changva, Phnom Penh xxx Click To Call Save Report Share",True,
12472353,Resale 3 bedrooms 3 River. Fully Finished ✅,https://www.khmer24.com/en/resale-3-bedrooms-3-river-fully-finished-adid-12472353,sale,Phnom Penh,Chrouy Changva,Condo,,search_category,,289999,127.0,3,search_card_text,3 bedrooms,,,,,,,,,,,,,,,,,,description_heading,"Main Category House & Land Category Condo For Sale Size 127m² Hello Dear. I am Sophea Van Jeff real estate sales consultant. Please let me know how we can help you. I specialize in helping clients achieve their property goals. Let’s make your real estate dream a reality! More Detail (+855) 95 446 456 (+855) 92 949 289 (+855) 69 264 289 Telegram: https://t.me/Jeff_Realtor Chanel: https://t.me/Properties855 Email: [email protected] Please click on phone number to show and don't forget to mention that you found this ad on Khmer24.com. Contact Phones 069264XXX 066656XXX 095446XXX Show Phone Number Chrouy Changva, Chrouy Changva, Phnom Penh https://t.me/Jeff_Realtor Save Report Share",True,
13508983,Penthoue living,https://www.khmer24.com/en/penthoue-living-lifestyle-adid-13508983,sale,Phnom Penh,lifestyle Chrouy Changva,Condo,,search_category,,1261789,330.0,,,,,,,,,,,41,description,on 41st floor,,,,,,,,description_heading,"Main Category House & Land Category Condo For Sale Size 330m² 💫✨Premium Penthouse✨💫 Unit: V-33-06 Floor: 33rd Gross Area: 330 SQM View: 3 River and City Purchase Price: 1,261,789 USD 🌟 Special Offers 1. Offers Car park 2 car parks 2. Private Elevator 2 Elevators 3. Facilities on 41st floor only 🌟 Penthouse owner can use - Sky bar - Steam Sauna - Golf Room - Barbecue and Karaoke Room - Meeting Room - Party Room - Restaurant like Omakase Room This penthouse offers exceptional space, premium finishing, and a prestigious lifestyle designed for elite homeowners and investors. Hello Dear. I am Sophea Van Jeff, a luxury real estate sales consultant. Please let me know how we can help you. More Detail (+855) 95 446 456 (+855) 92 949 289 (+855) 69 264 289 Please click on phone number to show and don't forget to mention that you found this ad on Khmer24.com. Contact Phones 069264XXX 066656XXX 095446XXX Show Phone Number Chrouy Changva, Chrouy Changva, Phnom Penh xxx Click To Call Save Report Share",True,
13720348,ខុនដូ promotion Sen Sok,https://www.khmer24.com/en/promotion-sen-sok-adid-13720348,sale,Phnom Penh,Sen Sok,Condo,,search_category,,86500,73.0,,,,,,,,,,,,,,,,,,,,,description_heading,"Main Category House & Land Category Condo For Sale Size 73m² #Specialpriceforjune ខុនដូសម្រាប់លក់ – 122,469 $💫 ✨ Promotion price: 86,500 $ ✨ 📍TV TOWER1| Russei Keo (3mn from Aeon2 Sen Sok) 12th | 📐56.38 m2 | 1🛏 | 1🛁 | Features: ✅Ready to move in ✅Fully furnished ✅Large kitchen ✅Comfortable living space ✅Hard Title For more information 095 446 xxx Click To Call Please click on phone number to show and don't forget to mention that you found this ad on Khmer24.com. Contact Phones 069264XXX 066656XXX 095446XXX Show Phone Number Phnom Penh Thmei, Saensokh, Phnom Penh xxx Click To Call Save Report Share",True,
13690119,លក់ខាតសាហាវ 😮😮😮,https://www.khmer24.com/en/condo-for-sale-adid-13690119,sale,Phnom Penh,Chrouy Changva,Condo,,search_category,,59949,49.0,0,description,Studio,,,,,,,,,,,,,,,,,,description_heading,"Main Category House & Land Category Condo For Sale Size 49m² Project: La Vista One ❇️ Size: 49 sqm 💖Unit type: Studio Room 🏝View: 3 River and City 🏦Original Price: 141000 ✅ Resale price: 59949 ( ចរចារបានតិចតួច) I am Sophea Van Jeff, a luxury real estate sales consultant. Please let me know how we can help you. More Detail (+855) 95 446 456 (+855) 92 949 289 (+855) 69 264 289 Telegram: @Jeff_Realtor Chanel: @Properties855 Please click on phone number to show and don't forget to mention that you found this ad on Khmer24.com. Contact Phones 069264XXX 066656XXX 095446XXX Show Phone Number Chrouy Changva, Chrouy Changva, Phnom Penh xxx Click To Call Save Report Share",True,
13604103,Project Norea Square new launch.,https://www.khmer24.com/en/project-norea-square-new-launch-adid-13604103,sale,Phnom Penh,Chbar Ampov,Condo,,search_category,,60000,49.0,1,description,1 Bedroom,,,,,,,,,,,,,,,,,,description_heading,"Main Category House & Land Category Condo For Sale Size 49m² 🌟 Facebook Ads Caption – Norea Square Condo 🌟 🏙️ Norea Square Condo – Where Luxury Meets Lifestyle ក្លាយជាម្ចាស់ខុនដូប្រណិតនៅ Norea City ជាមួយតម្លៃចាប់ផ្តើមត្រឹមតែ $60,000 ប៉ុណ្ណោះ! ✨ ជម្រើស Unit ជាច្រើន ▪️ 1 Bedroom – 49.06 sqm ▪️ 2 Bedrooms – 85.58 sqm ▪️ 3 Bedrooms – 146.61 sqm 💎 អត្ថប្រយោជន៍ពិសេស ✅ ទីតាំងយុទ្ធសាស្ត្រ ក្នុង Norea City ✅ រចនាបថទំនើប និងប្រណិត ✅ សេវាកម្ម និង Amenities គ្រប់គ្រាន់ ✅ សក្តានុពលកើនតម្លៃខ្ពស់ ✅ សាកសមសម្រាប់រស់នៅ និងវិនិយោគ 📍 Location: Norea City 💰 Starting Price: From $60,000 👨 💼 Sophea Van Jeff & Jessica Luxury Real Estate Consultant 📞 More Information: ☎️ 095 446 xxx Click To Call ☎️ 092 949 xxx Click To Call ☎️ 069 264 xxx Click To Call 📲 Telegram: @Jeff_Realtor #NoreaSquare #NoreaCity #CondoForSale #LuxuryCondo #CambodiaRealEstate #PhnomPenhProperty #InvestmentProperty #JeffRealtor #JessicaRealtor #OCIC Please click on phone number to show and don't forget to mention that you found this ad on Khmer24.com. Contact Phones 069264XXX 066656XXX 095446XXX Show Phone Number Chbar Ampov Muoy, Chbar Ampov, Phnom Penh Norea city Save Report Share",True,
13604101,Project New launch គម្រោងថ្មី លើទឹកដីកោះនរា,https://www.khmer24.com/en/project-new-launch-adid-13604101,sale,Phnom Penh,Chbar Ampov,Condo,,search_category,,60000,49.0,1,description,1 Bedroom,,,,,,,,,,,,,,,,,,description_heading,"Main Category House & Land Category Condo For Sale Size 49m² 🌟 Facebook Ads Caption – Norea Square Condo 🌟 🏙️ Norea Square Condo – Where Luxury Meets Lifestyle ក្លាយជាម្ចាស់ខុនដូប្រណិតនៅ Norea City ជាមួយតម្លៃចាប់ផ្តើមត្រឹមតែ $60,000 ប៉ុណ្ណោះ! ✨ ជម្រើស Unit ជាច្រើន ▪️ 1 Bedroom – 49.06 sqm ▪️ 2 Bedrooms – 85.58 sqm ▪️ 3 Bedrooms – 146.61 sqm 💎 អត្ថប្រយោជន៍ពិសេស ✅ ទីតាំងយុទ្ធសាស្ត្រ ក្នុង Norea City ✅ រចនាបថទំនើប និងប្រណិត ✅ សេវាកម្ម និង Amenities គ្រប់គ្រាន់ ✅ សក្តានុពលកើនតម្លៃខ្ពស់ ✅ សាកសមសម្រាប់រស់នៅ និងវិនិយោគ 📍 Location: Norea City 💰 Starting Price: From $60,000 👨 💼 Sophea Van Jeff & Jessica Luxury Real Estate Consultant 📞 More Information: ☎️ 095 446 xxx Click To Call ☎️ 092 949 xxx Click To Call ☎️ 069 264 xxx Click To Call 📲 Telegram: @Jeff_Realtor #NoreaSquare #NoreaCity #CondoForSale #LuxuryCondo #CambodiaRealEstate #PhnomPenhProperty #InvestmentProperty #JeffRealtor #JessicaRealtor #OCIC Please click on phone number to show and don't forget to mention that you found this ad on Khmer24.com. Contact Phones 069264XXX 066656XXX 095446XXX Show Phone Number Kbal Kaoh, Chbar Ampov, Phnom Penh xxx Click To Call Save Report Share",True,
12564202,Exclusive 330sqm Penthouse with Stunning,https://www.khmer24.com/en/exclusive-330sqm-penthouse-with-stunning-views-adid-12564202,sale,Phnom Penh,Views Chrouy Changva,Condo,,search_category,,1289456,330.0,,,,,,,,,,,33,description,Floor: 33rd,,,,,,,,description_heading,"Main Category House & Land Category Condo For Sale Size 330m² 💎 La Vista One Project 🌟 Premium Penthouse Unit V-33-06 Floor: 33rd Unit number: 06 Gross: 330.17 Sqm Full price $1,331,000 After discount price $1,301,000 Payment Terms Booking: 10,000$ Down 30% = 390300$ Installment 60% / 12 months Monthly = 65,050$ Handover 10% = 130,100$ 💝Hello Dear. I am Sophea Van Jeff real estate sales consultant. Please let me know how we can help you. I specialize in helping clients achieve their property goals. Let’s make your real estate dream a reality! More Detail (+855) 95 446 456 (+855) 92 949 289 (+855) 69 264 289 Telegram: https://t.me/Jeff_Realtor Chanel: https://t.me/Properties855 Email: [email protected] #PenthouseForSale #RiverViewPenthouse #LuxuryPenthouse #SkylineLiving #LuxuryLifestyle #PenthouseLiving #HighEndProperty #ExclusivePenthouse #SkyVilla #PrimeLocation #CityAndRiverView #LuxuryRealEstate #DreamPenthouse #MillionDollarView #PremiumProperty #RiversideLiving #LuxuryHome #ModernPenthouse #PenthouseInvestment #TopFloorLiving Please click on phone number to show and don't forget to mention that you found this ad on Khmer24.com. Contact Phones 069264XXX 066656XXX 095446XXX Show Phone Number Chrouy Changva, Chrouy Changva, Phnom Penh Mekong River street Show on Google Map Save Report Share",True,
13469606,3 bedrooms one unit left/ 3 បន្ទប់គេង 1 unit ចុងក្រោយ,https://www.khmer24.com/en/3-bedrooms-one-unit-left-3-1-unit-adid-13469606,sale,Phnom Penh,Chrouy Changva,Condo,,search_category,,289789,127.0,3,search_card_text,3 bedrooms,,,3,description,3 បន្ទប់ទឹក,,,15,description,ជាន់ទី 15,,,,,,,,description_heading,"Main Category House & Land Category Condo For Sale Size 127m² 🎉 យូនីតប្រណិត មានតែមួយគត់! 🏢 អគារ A 📍 ជាន់ទី 15 🌅 ទិដ្ឋភាព៖ ទន្លេ ចតុមុខ និង សណ្ឋាគារ សុខា 📐 ទំហំ៖ 127.04 ម៉ែត្រការ៉េ 🛏️ ប្រភេទ៖ 3 បន្ទប់គេង | 3 បន្ទប់ទឹក 💰 តម្លៃដើម: $426,326 🔥 តម្លៃប្រមូសិន: $289,789 💳 ផែនការបង់ប្រាក់អាចបត់បែនបាន 👨 💼 សូមទាក់ទងឥឡូវនេះ: 📲 (+855) 95 446 456 📲 (+855) 92 949 289 📲 (+855) 69 264 289 ⸻ #LaVistaOne #VistaOneCondo #CondoForSale #LuxuryCondo #PhnomPenhProperty #PremiumLiving #LuxuryLifestyle #DreamHome Please click on phone number to show and don't forget to mention that you found this ad on Khmer24.com. Contact Phones 069264XXX 066656XXX 095446XXX Show Phone Number Chrouy Changva, Chrouy Changva, Phnom Penh xxx Click To Call Save Report Share",True,
13753584,Big Promotion unit type 3 Bedrooms / 3 បន្ទប់គេង,https://www.khmer24.com/en/big-promotion-unit-type-3-bedrooms-3-adid-13753584,sale,Phnom Penh,Chrouy Changva,Condo,,search_category,,180000,127.0,3,search_card_text,3 Bedrooms,,,,,,,,42,description,Floor: 42th,,,,,,,,description_heading,"Main Category House & Land Category Condo For Sale Size 127m² Biggest promotion Floor: 42th Size: 127.31 m2 View: Mekong River and City Full price: 463,408 $ Sale Price: 171,869 $ More Details: 095 446 xxx Click To Call /069 264 289 Please click on phone number to show and don't forget to mention that you found this ad on Khmer24.com. Contact Phones 069264XXX 066656XXX 095446XXX Show Phone Number Chrouy Changva, Chrouy Changva, Phnom Penh xxx Click To Call Save Report Share",True,
12872822,⚡️ដីសម្រាប់លក់នៅលេីផ្លូវធំ នៅជិតបឋមសិក្សាភ្នំពេញថ្មី ខណ្ឌសែនសុខ,https://www.khmer24.com/en/land-for-sale-adid-12872822,sale,Phnom Penh,Sen Sok,Condo,,search_category,,190000,220.0,,,,,,,,,,,,,,,,,,,,,description_heading,"Main Category House & Land Category Land For Sale Size 220m² ⚡️ដីសម្រាប់លក់នៅលេីផ្លូវធំ នៅជិតបឋមសិក្សាភ្នំពេញថ្មី ខណ្ឌសែនសុខ * តម្លៃលក់ : $190,000 (ចរចា) * ទំហំដី : 12.5m x 18.5m * ប្លង់រឹង : 220m2 * បែរទៅទិសខាងត្បូង 📌ទីតាំងល្អលេីផ្លូវធំ ជិតបឋមសិក្សាភ្នំពេញថ្មី សង្កាត់ភ្នំពេញថ្មី ខណ្ឌសែនសុខ រាជធានីភ្នំពេញ ។ ---------------------------------------- **អាជ្ញាប័ណ្ណភ្នាក់ងារអចលនវត្ថុលេខ: E-19-303 📣សម្រាប់ព័ត៌មានលំអិត | Detail information 📞 Cellcard012 677 470 / Smart015 554 424 📥Telegram: https://t.me/Phan_Sothea Please click on phone number to show and don't forget to mention that you found this ad on Khmer24.com. Contact Phones 012677XXX 015554XXX 0719474XXX Show Phone Number Phnom Penh Thmei, Saensokh, Phnom Penh ⚡️ដីសម្រាប់លក់នៅលេីផ្លូវធំ នៅជិតបឋមសិក្សាភ្នំពេញថ្មី ខណ្ឌសែនសុខ Save Report Share",True,
13805290,វីឡាឃ្វីន (Queen-A) ក្នុងបុរី ឌឹផ្លរ៉ា ផ្លូវជាតិលេខ6A ត្រូវការលក់បន្ទាន់ខ្លាំង,https://www.khmer24.com/en/queen-a-6a-adid-13805290,sale,Phnom Penh,Chrouy Changva,Condo,Villa,search_category,detail_structured=House; kept search category=Condo,470000,,5,search_card_text,5 Bedroom,,,6,search_card_text,6 Bathroom,,description=5 from '5 Bathroom',,,,,,,,,,,description_heading,"Main Category House & Land Category House For Sale Bedroom 5 Bathroom 6 Facing South Type Villa 🏘 វីឡាឃ្វីន (Queen-A) ក្នុងបុរី ឌឹផ្លរ៉ា ផ្លូវជាតិលេខ6A ត្រូវការលក់បន្ទាន់ខ្លាំង (កូដ: A02-001976) 💰 តម្លៃត្រឹមតែ៖ 470,000 ដុល្លារ (អាចចរចាបាន) 🔹 តម្លៃនេះបូករួមទាំងការផ្ទេរកម្មសិទ្ធិជូន 🔹 ទំហំដី៖ 20ម x 25ម 🔹 ទំហំផ្ទះ៖ 12ម x 12ម 🔹🔹 បន្ទប់គេង 5 និង បន្ទប់ទឹក 6 🔹 លក្ខណៈពិសេស៖ ជិតសួនក្នុងបុរីនិងអាងហែលទឹក 🚩ទីតាំង៖ ផ្លូវជាតិលេខ6A (ស្ពានទី9) 👉សម្រាប់ព័ត៌មានបន្ថែមសូមទូរស័ព្ទមកលេខ៖ 📲 077 499 xxx Click To Call 📲 087 281 xxx Click To Call 👉 ជជែកជាមួយភ្នាក់ងារ 👇៖ ភ្នាក់ងារលក់៖ https://t.me/chhaileab_Advanced ⭐️ អចលនទ្រព្យលក់បន្ទាន់ៗតម្លៃល្អក្រោមទីផ្សារខ្លាំង 👇 https://t.me/ADVANCEDChroyChangva https://t.me/ADVANCEDPropertySale ⭐️ Join Khmer24 mini App 👇 👉 https://miniapp.Khmer24.com/C21Advanced 📜 លេខអាជ្ញាបណ្ណ: E-15-167 ------------------------------ #វីឡាឃ្វីន #TFR #Advanced #ADVANCED #ADVANCEDPROPERTY Please click on phone number to show and don't forget to mention that you found this ad on Khmer24.com. Contact Phones 077499XXX 087281XXX Show Phone Number Bak Khaeng, Chrouy Changva, Phnom Penh Preah Sisowath Quay, Phnom Penh, Cambodia Show on Google Map Save Report Share",True,True
13802386,ផ្ទះល្វែងលក់បន្ទាន់,https://www.khmer24.com/en/house-for-sale-adid-13802386,sale,Phnom Penh,Dangkao,Condo,Flat,search_category,detail_structured=Flat; kept search category=Condo,129900,77.0,4,search_card_text,4 Bedroom,,,5,search_card_text,5 Bathroom,,description=4 from '4 Bathroom',,,,,,,,,,,description_heading,"Main Category House & Land Category House For Sale Bedroom 4 Bathroom 5 Facing North Size 77m² Type Flat ផ្ទះស្អាត ទីតាំងល្អអាចរកសុីបាន កាត់ប្លង់រឹងជូន(តំលៃអាចចរចាបាន) ថែមគ្រឿងសង្ហាររឹមឈើប្រណិតមួយចំនួន ទំហំដី 4.2mx25m ទំហំផ្ទះ 4.2mx17.8m Please click on phone number to show and don't forget to mention that you found this ad on Khmer24.com. Contact Phones 0977888XXX Show Phone Number Dangkao, Dangkao, Phnom Penh 4CE0E1បុរីឡាយគង់ស្ពានដែកចំការដូង Show on Google Map Save Report Share",True,True
13780316,撿漏房😍麗薇雅Rivera大单间(钻石岛) 1m •,https://www.khmer24.com/en/rivera-adid-13780316,sale,Phnom Penh,Chamkarmon,Condo,,search_category,,50000,62.0,1,description,1Bedroom,,,1,description,1Bathroom,,,,,,,,,,,,,json_ld_description,"📍 Location: Riviera Condo ( Koh Pich ) 💵តម្លៃលក់: $50,000 💵តម្លៃដើម: $120,000(មានប្លង់រឹង) 🛏 1បន្ទប់ 🚽 1បន្ទប់ 📐ទំហំអាគារ៖ 61.81 ម៉ែត្រការ៉េ 📐ទំហំបន្ទប់៖ 49.28 ម៉ែត្រការ៉េ ✅អាងហែលទឹក/កន្លែងហាត់ប្រាណ: មាន/មាន ✅មានសេវាគ្រប់គ្រង ✅មានសម្ភារះគ្រប់គ្រាន់ ✅អាចរើចូលបានភ្លាមៗ ```````````````````````````````````````````````````````````````````````````` 💵售价:$50,000 💵原价:$120,000(已有硬卡) 🛏 1房1厅 🚽 1间 📐建筑面积:61.81平方米 📐室内面积:49.28平方米 ✅游泳池/健身房:有/有 ✅管理費/網路:含/不含 ✅家具齐全 ✅可以立即入住 ```````````````````````````````````````````````````````````````````````````` 🛏 1Bedroom 🚽 1Bathroom 💵Sale price: $50,000 💵Original Price:$120,000 📐Building Area:61.81sqm 📐 Indoor Area:49.28sqm ✅Facilities ✅Management fee/Internet:have/have ✅Fully Furnished 👍Canadian International School, AEON 1, Sofitel Hotel, villas in wealthy areas, Arc de Triomphe Riverside Walk, NagaWorld, Golden Street Chinese District, Embassy District 📞 Please contact us for your more information: 061587958(ខ្មែរ,ENG,中)",True,
13801784,🩸5折出售🩸巴里3一房一厅 1m •,https://www.khmer24.com/en/condo-for-sale-adid-13801784,sale,Phnom Penh,Chrouy Changva,Condo,,search_category,,53000,85.0,1,description,One-Bedroom,,,,,,,,,,,,,,,,,,description_heading,"Main Category House & Land Category Condo For Sale Size 85m² 🩸លក់ក្នុងតម្លៃទាប🩸 អាផាតមិន Bali 3 មួយបន្ទប់គេង 💰បញ្ចុះតម្លៃ 50% តម្លៃ៖ 53,000 ដុល្លារ 🧩ផ្ទៃអគារ៖ 85.1 ម៉ែត្រការ៉េ 🧩ផ្ទៃខាងក្នុង៖ 62.32 ម៉ែត្រការ៉េ ✅ឥតគិតថ្លៃ៖ អាងហែលទឹក/កន្លែងហាត់ប្រាណ/ចំណតរថយន្ត 🔥តម្លៃរួមបញ្ចូលគ្រឿងសង្ហារិម និងឧបករណ៍ប្រើប្រាស់ក្នុងផ្ទះ 🧧មានប័ណ្ណកម្មសិទ្ធិ មិនរួមបញ្ចូលថ្លៃផ្ទេរសិទ្ធិ និងពន្ធប្រថាប់ត្រា 4% ⭕️តំបន់អភិវឌ្ឍន៍អាទិភាព ⭕️បរិស្ថានល្អ ទីតាំងល្អឥតខ្ចោះ ⭕️ពន្លឺធម្មជាតិល្អ និងខ្យល់ចេញចូលល្អ ———————————— 🩸5折出售🩸巴里3一房一厅 💰5折价格:$53,000 🧩建筑面积: 85.1平方米 🧩室内面积: 62.32平方米 ✅免费free:游泳池/健身房/车位 🔥售價包含家具家電 🧧有硬卡、不包含過戶費交易税4% ⭕️政府重點開發新市區 ⭕️環境好、地理位置優越 ⭕️格局方正、採光通風良好 ———————————— 🩸Selling at a Loss🩸Bali 3 Apartment One-Bedroom 💰50% Off Price: $53,000 🧩Building Area: 85.1 sqm 🧩Interior Area: 62.32 sqm ✅Free: Swimming Pool/Gym/Parking Space 🔥Price includes furniture and appliances 🧧Title included, excluding transfer fees and 4% transaction tax ⭕️Priority Development Area ⭕️Good Environment, Excellent Location ⭕️Square Layout, Good Natural Light and Ventilation Please Contact us for more information: 061 587 xxx Click To Call https://t.me/JL_Lindaai, https://t.me/JLproerty666 Please click on phone number to show and don't forget to mention that you found this ad on Khmer24.com. Contact Phones 061587XXX Show Phone Number Chrouy Changva, Chrouy Changva, Phnom Penh Bali3 St keo chenda, Phnom Penh Show on Google Map Save Report Share",True,
13832147,"Residence L BKK3 for sale, special deals 1m •",https://www.khmer24.com/en/residence-l-bkk3-for-sale-special-deals-adid-13832147,sale,Phnom Penh,Boeung Keng Kang,Condo,,search_category,,60000,72.0,2,description,2 Bedrooms,,,2,description,2 Bathrooms,,,16,description,Floor: 16th,,,,,,,,description_heading,"Main Category House & Land Category Condo For Sale Size 72m² Condo Unit for Resale – L-RESIDENCE Boeng Boeng Keng Kang3(BKK3), Phnom Penh Just completed in 2018, this fully furnished condo unit at L-RESIDENCE Boeng Keng Kang3(BKK3) offers modern living in a prime location. Situated on Street 396, it is just minutes away from Tuol Tompoung Market and major office buildings — ideal for both homeowners and investors. Property Highlights: Move-in Ready: Fully furnished with all necessary furniture Location: Street 396, BKK3 – just minutes from Tuol Tompoung Market and major office buildings. Completed in 2018. Property Details Unit Type: 2 Bedrooms, 2 Bathrooms Floor: 16th Layout: Living room with balcony Condition: Fully furnished, move-in ready Building Facilities Swimming pool & fitness center Elevators & 24-hour security Parking available (Car: $40/month) Financials Estimated Rental Income: $500 – $600/month Management Fee: $40/month Utilities based on consumption Key Features Modern, well-maintained building Excellent location for both living and investment Strong rental potential in BKK3 area Contact us today to schedule a viewing or request more details. Please click on phone number to show and don't forget to mention that you found this ad on Khmer24.com. Contact Phones 010700XXX 077204XXX Show Phone Number Boeng Keng Kang Bei, Boeng Keng Kang, Phnom Penh Street 396, BKK3, Phnom Penh Save Report Share",True,
13770076,TIME SQUARE 3 floor 11 for sale 2m •,https://www.khmer24.com/en/time-square-3-floor-11-for-sale-adid-13770076,sale,Phnom Penh,Toul Kork,Condo,,search_category,,65000,53.0,1,description,1 BEDROOM,,,1,description,1 Bathroom,,,11,description,Floor: 11,,,,,,,,json_ld_description,"TiME SQUARE 3 | Condo For Sale 🛌 1 BEDROOM | 🛁 1 Bathroom - Floor: 11 - Size: 53 sqm net 40 sqm - Fully Furnished - Provide all Hold items - One minute walk to restaurants and shopping areas TK avenue *Management fee 40$/month, - Free access to sky gym, swimming pool - Electricity : 0.25$/kwh - Water : 0.50$/m3",True,
13624730,Noblesse Residence 4 bedroom For Sale -15th Floor 4m •,https://www.khmer24.com/en/noblesse-residence-4-bedroom-for-sale-15th-floor-adid-13624730,sale,Phnom Penh,Toul Kork,Condo,,search_category,,285000,201.0,4,search_card_text,4 bedroom,,,,,,,,15,title,15th Floor,,,,,,,,description_heading,"Main Category House & Land Category Condo For Sale Size 201m² 📍 #Noblesse Residence | Boeng Kak 1 15th | 📐201m² | 4🛏 | 3🛁 | 🏷34590 🔑 Key Features: ✅High floor unit with full facilities ✅24/7 security ✅Gym, Swimming Pool, Rooftop Area 🔗 Full Listing & Photos: https://www.malaynop.com/.../noblesse-residence-15th.../ 📞 Contact via Telegram: 👉 https://t.me/Thean780 Please click on phone number to show and don't forget to mention that you found this ad on Khmer24.com. Contact Phones 010289XXX 077780XXX Show Phone Number Tuek L'ak Muoy, Tuol Kouk, Phnom Penh Toul kouk Save Report Share",True,
13453093,Condo L Loft Resale 7m •,https://www.khmer24.com/en/condo-l-loft-resale-adid-13453093,sale,Phnom Penh,Meanchey,Condo,,search_category,,55000,45.0,1,description,1bed,,,1,description,1bathroom,,,,,,,,,,,,,description_heading,"Main Category House & Land Category Condo For Sale Size 45m² 🏢 L Tower 271 1units Sale 💁💁Price 55000$ ✅Type 1bed 1bathroom ✅Floor 19 ✅Size 46sqm ✅Full Furnished 🥰Best view 📍Place L Tower Loft 271 📱 : 012718xxx Click To Call | 069 718 xxx Click To Call (WhatsApp / Telegram). ✍️Channel Telegram: https://t.me/onebestdreamhome Please click on phone number to show and don't forget to mention that you found this ad on Khmer24.com. Contact Phones 012718XXX 069718XXX Show Phone Number Boeng Tumpun 1, Mean Chey, Phnom Penh L Loft Condo Save Report Share",True,
13299265,Condo Tine Square 11 9m •,https://www.khmer24.com/en/condo-tine-square-11-adid-13299265,sale,Phnom Penh,Boeung Keng Kang,Condo,,search_category,,82000,75.0,,,,,,,,,,,,,,,,,,,,,meta_description,"Condo Tine Square 11 price $82000.00 Sale posted by Chan Mol in Boeng Keng Kang Bei, Boeng Keng Kang, Phnom Penh Cambodia on Khmer24.com.",True,
13710194,Hard 9m •,https://www.khmer24.com/en/hard-adid-13710194,sale,Phnom Penh,Meanchey,Condo,,search_category,,69000,61.0,2,description,Bedrooms: 2,,,1,description,Bathrooms: 1,,,21,description,floor : 21th,,,,,,,,json_ld_description,"💎Condo New 100% 💎L tower 271 Two bedrooms available for sale 💰 Selling Price: $69,000 ✅Type: Loft-Style Condo (2 bedrooms& 1 bathroom) ✅Size: 53.5 sqm ✅floor : 21th (Top Floor) ✅Bedrooms: 2 ✅Bathrooms: 1 ✅ Ready to move in ! 🏆 ចំណុចពិសេសនៅចំកណ្ដាលមិនជាប់ជញ្ជាំងអ្នកដទៃ🥇 ☎️ 081 844 448 Telegram: https://t.me/Fee8168 📍Location: Close to 271Road, Just minutes from Toul Tompong Market, Chip Mong 271 Mega Mall, and AEON Mall 3, 30minustes to Techo International Airport.",True,
13305481,Condo For Sale 10m •,https://www.khmer24.com/en/condo-for-sale-adid-13305481,sale,Phnom Penh,Meanchey,Condo,,search_category,,47000,34.0,,,,,,,,,,,,,,,,,,,,,description_heading,"Main Category House & Land Category Condo For Sale Size 34m² 🌃ខុនដូរលក់តម្លៃពិសេស 🔥តម្លៃរំលស់ $54479 😘តម្លៃបង់ផ្តាច់ $47000 ✅រំលស់380$ /ខែ ✅ អត់ការប្រាក់ 24ខែ ✅ បង់មុន10% =$5448 ចូលនៅបាន ✅Floor: ខ្ពស់ ✅Size : 33.61 sqm (net area) ✅ ប្លង់រឹង ✅ ផ្តល់ជូនដូចក្នុងរូប 🙏🏻ទំនាក់ទំនងផ្នែកលក់៖ 📱Tel: 097 2666 xxx Click To Call / 012 718xxx Click To Call Please click on phone number to show and don't forget to mention that you found this ad on Khmer24.com. Contact Phones 012718XXX 069718XXX Show Phone Number Stueng Mean chey 1, Mean Chey, Phnom Penh Anata Residence Save Report Share",True,
12601229,"ខុនដូL,ជានទី18,ចរចា 10m •",https://www.khmer24.com/en/l18-adid-12601229,sale,Phnom Penh,Boeung Keng Kang,Condo,,search_category,,61000,45.0,,,,,,,,,,,18,title,ជានទី18,,,,,,,,description_heading,"Main Category House & Land Category Condo For Sale Size 45m² នៅថ្មី,.ទីតាំងច្បាស់នៅរូបខាងលើ,លក់ប្រញាប់,តំលៃអាចចរចា,ទំហំ45.50 Please click on phone number to show and don't forget to mention that you found this ad on Khmer24.com. Contact Phones 012890XXX 010582XXX Show Phone Number Boeng Keng Kang Bei, Boeng Keng Kang, Phnom Penh ភ្នំពេញ Save Report Share",True,
13738394,Rose condo 3 Bedroom លក់បន្ទាន់ 11m •,https://www.khmer24.com/en/rose-condo-3-bedroom-adid-13738394,sale,Phnom Penh,Chamkarmon,Condo,,search_category,,230000,161.0,3,search_card_text,3 Bedroom,,,,,,,,,,,,,,,,,,description_heading,"Main Category House & Land Category Condo For Sale Size 161m² 👉Usable area:132.71 👉Building area:161 👉Property rights: Hard card 👉Water: $0.75 👉Electricity: $0.275 👉Management fee: $0.7/sqm 👉Parking fee: $40/month Telegram: 092502xxx Click To Call Please click on phone number to show and don't forget to mention that you found this ad on Khmer24.com. Contact Phones 092502XXX 0715588XXX Show Phone Number Tonle Basak, Chamkar Mon, Phnom Penh Phnom Penh, Chamkar Mon, Tonle Basak Save Report Share",True,
13798681,Yuetai riverside 13m •,https://www.khmer24.com/en/yuetai-riverside-adid-13798681,sale,Phnom Penh,Daun Penh,Condo,,search_category,,37000,38.0,0,description,Studio,,,,,,,,,,,,,,,,,,description_heading,"Main Category House & Land Category Condo For Sale Size 38m² Studio room for sale riverside 📌 Near Royal Palace, Museum, Night Market . Selling 37,000$ . Floor 2 . City View . Size: 30.58 sqm Electricity 0.3$ Water 0.6$ Private Car Parking 50$ monthly Motor Parking Free Facilities ☎️ 085 489 xxx Click To Call / 016 217 xxx Click To Call 👉 Telegram: https://t.me/Chhveng 👉 Channel: https://t.me/+QvG_hH5oCAQxOTFl Please click on phone number to show and don't forget to mention that you found this ad on Khmer24.com. Contact Phones 085489XXX Show Phone Number Voat Phnum, Doun Penh, Phnom Penh Sisowath Save Report Share",True,
13436751,"Time Square 9 Gatsby | From $87,984 | Limited Units 19m •",https://www.khmer24.com/en/time-square-9-gatsby-from-87984-limited-units-adid-13436751,sale,Phnom Penh,Boeung Keng Kang,Condo,,search_category,,87984,60.0,1,description,1-Bedroom,,,,,,,,5,description,5th floor,,,,,,,,description_heading,"Main Category House & Land Category Condo For Sale Size 60m² Not every investment requires a big entry. But the smart ones? They don’t stay available for long. 📍 Time Square 9 Gatsby Phnom Penh, Cambodia 🇰🇭 🏙 1-Bedroom 📐 60 sqm 📍 5th floor 💰 Price: $87,984 (already -10%) ❗️Only 4 units left at this price Perfect for: — rental income — first international investment — entry into a fast-growing market 📅 Completion: 2029 Buy low today — benefit from market growth tomorrow. This is where practical meets profitable. 📩 Comment “GATSBY” and I’ll send you details & availability Or message me directly before these units are gone Please click on phone number to show and don't forget to mention that you found this ad on Khmer24.com. Contact Phones 016701XXX Show Phone Number Boeng Keng Kang Muoy, Boeng Keng Kang, Phnom Penh St. 278 Save Report Share",True,
13832057,Japanese 1 Bedroom Apartment in BKK1 20m •,https://www.khmer24.com/en/japanese-1-bedroom-apartment-in-bkk1-adid-13832057,sale,Phnom Penh,Boeung Keng Kang,Condo,,search_category,,138000,44.0,1,search_card_text,1 Bedroom,,,,,,,,,,,,,,,,,,description_heading,"Main Category House & Land Category Condo For Sale Size 44m² L'attrait is a home that offers premium comforts in both the bedrooms and the outside amenities. Complementing its carefully designed interiors are amenities that enhance true urban living with all the comforts available. Residential options include a studio, 1-bedroom, 2-bedroom, and a penthouse - each one fully furnished to any buyer's satisfaction. Every corner of every room is a product of almost 30 years of Japanese development experience. Outside L'attrait, the Central Business District of Daun Penh is close by, along with international schools and other everyday essentials for any individual or family. L'attrait's unique location makes it convenient to access a wide range of attractions: international schools, restaurants, cafes, shopping malls, banks, offices, entertainment venues, and more. Aeon Mall 1, the Independence Monument, the Royal Palace, and the National Museum are all within 5 minutes' reach. Please click on phone number to show and don't forget to mention that you found this ad on Khmer24.com. Contact Phones 015525XXX Show Phone Number Boeng Keng Kang Muoy, Boeng Keng Kang, Phnom Penh BKK1 Save Report Share",True,
13483976,"La Vista ONEAsking Price: 220,000$ Building A 22m •",https://www.khmer24.com/en/la-vista-oneasking-price-220000-building-a-adid-13483976,sale,Phnom Penh,Chrouy Changva,Condo,,search_category,,220000,103.0,,,,,,,,,,,,,,,,,,,,,description_heading,"Main Category House & Land Category Condo For Sale Size 103m² La Vista ONE Asking Price: 220000$ Building A ___________________ Contact Head Office: Tell: 099 65 22xxx Click To Call / 093 65 22xxx Click To Call Telegram: https://t.me/SalesAdminOfficer WhatsApp: https://wa.me/message/NNYUWLEGAI45N1 T Channel: https://t.me/CondoHouseApartmentRent T Group: https://t.me/+UkaqugwWXvpjNTNl Please click on phone number to show and don't forget to mention that you found this ad on Khmer24.com. Contact Phones 099652XXX 093652XXX 099652XXX Show Phone Number Chrouy Changva, Chrouy Changva, Phnom Penh La Vista ONE Save Report Share",True,
13461845,Fully Furnished 2Bedroom for Sale at Urban Loft Condo 22m •,https://www.khmer24.com/en/fully-furnished-2bedroom-for-sale-at-urban-loft-condo-adid-13461845,sale,Phnom Penh,Sen Sok,Condo,,search_category,,130000,126.0,2,search_card_text,2Bedroom,,,,,,,,,,,,,,,,,,meta_description,"Fully Furnished 2Bedroom for Sale at Urban Loft Condo price $130000.00 Sale posted by En Thavy p10908890 in Phnom Penh Thmei, Saensokh, Phnom Penh Cambodia on Khmer24.com.",True,
13483988,"LA VISTA ONE STUDIO ROOM: $84,000 22m •",https://www.khmer24.com/en/la-vista-one-studio-room-84000-adid-13483988,sale,Phnom Penh,Chrouy Changva,Condo,,search_category,,84000,39.0,0,search_card_text,STUDIO,,,,,,,,,,,,,,,,,,meta_description,"LA VISTA ONE STUDIO ROOM: $84,000 price $84000.00 Sale posted by Condo/House/ Apartment in Chrouy Changva, Chrouy Changva, Phnom Penh Cambodia on Khmer24.com.",True,
13492215,"Bedroom Selling: 170,000$ 22m •",https://www.khmer24.com/en/2-bedroom-selling-170000-adid-13492215,sale,Phnom Penh,Chrouy Changva,Condo,,search_category,,170000,98.0,2,search_card_text,2 Bedroom,,,,,,,,,,,,,,,,,,json_ld_description,"Condo 2 Bedroom Asking Price: 170,000$ Rent: 750$ Size: 98 sqm Floor: 4108 Building 2 View: Mekong River Free Hard Title to New buyer 👉 កាន់ម្ចាស់ផ្ទាល់ ___________________ Contact Head Office: Tell: 099 65 22 89 / 093 65 22 89 Telegram: https://t.me/SalesAdminOfficer WhatsApp: https://wa.me/message/NNYUWLEGAI45N1 T Channel: https://t.me/CondoHouseApartmentRent T Group: https://t.me/+UkaqugwWXvpjNTNl",True,
13491881,"La Vista One Two Bedroom Selling 180,000$ 22m •",https://www.khmer24.com/en/la-vista-one-two-bedroom-selling-180000-adid-13491881,sale,Phnom Penh,Chrouy Changva,Condo,,search_category,,180000,83.0,2,search_card_text,Two Bedroom,,,,,,,,,,,,,,,,,,meta_description,"La Vista One Two Bedroom Selling 180,000$ price $180000.00 Sale posted by Condo/House/ Apartment in Chrouy Changva, Chrouy Changva, Phnom Penh Cambodia on Khmer24.com.",True,
12703525,"#FORSALE Luxury 3-Bedroom Condo🏠🌿 - 📍De Castle Royal, BKK1, Phnom Penh 24m •",https://www.khmer24.com/en/forsale-luxury-3-bedroom-condo-de-castle-royal-bkk1-phnom-penh-adid-12703525,sale,Phnom Penh,Boeung Keng Kang,Condo,,search_category,,310000,166.0,3,search_card_text,3-Bedroom,,,3,description,3 bathrooms,,,12,description,12nd Floor,,,,,,,,json_ld_description,"Here’s your chance to own a premium condo in the heart of Phnom Penh. Featuring 3 spacious bedrooms and 3 bathrooms, it blends comfort with modern style. Step onto your private balcony to enjoy fresh air and sweeping BKK views, perfect for unwinding after a long day.🌇🌿 🛌 3 Bedrooms | 🛀 3 Bathrooms ▪️Fully Furnished ▪️Strata Title ▪️Size: 166 Sqm ▪️Situated Floor: 12nd Floor ▪️Amenities: Swimming Pool, Gym, Playground, Lift/Elevator ▪️Property Code : 20610 💲 Price : $ 310,000 ($ 1987.95 /Sqm) 📍Location : Walking distance from Lucky Supermarket, 3 mins from Central Market.🛍🛒 _____________________ 📩 For further info or to schedule a viewing, please contact me through: Telegram: https://t.me/srsly_leak | WhatsApp: https://wa.me/85510731003",True,
12910579,"#PRICEDROP 🏠 7th Floor Studio Condo For Sale -📍Le Conde, BKK1, Phnom Penh 24m •",https://www.khmer24.com/en/pricedrop-7th-floor-studio-condo-for-sale-le-conde-bkk1-phnom-penh-adid-12910579,sale,Phnom Penh,Boeung Keng Kang,Condo,,search_category,,75000,29.0,0,search_card_text,Studio,,,,,,,,7,title,7th Floor,,,,,,,,description_heading,"Main Category House & Land Category Condo For Sale Size 29m² 📈 City comfort meets smart investing! Enjoy this fully furnished BKK1 studio unit at Le Conde, complete with a modern kitchen, inviting lounge, elegant bathroom, and balcony bathtub.🌇🍃 ✨ Fully Furnished l 🧾 Strata Title l 📐 Size: 29 Sqm ▪️Balcony Bathtub ▪️Situated Floor: 7th Floor (North-Facing) ▪️Amenities: Swimming Pool, Gym, Lift/Elevator ▪️Property Code: 20463 💲 Price : $ 75,000 ($ 2,586 /Sqm) 📍Location: 3 mins from Aeon Mall & the Independence Monument, 5 mins from the Royal University of Law and Economics (RULE) & Orchid Koh Pich Hospital. _____________________ 📩 For further info or to schedule a viewing, please contact me through: Telegram: https://t.me/srsly_leak | WhatsApp: https://wa.me/85510731003 Please click on phone number to show and don't forget to mention that you found this ad on Khmer24.com. Contact Phones 010731XXX Show Phone Number Boeng Keng Kang Muoy, Boeng Keng Kang, Phnom Penh Le Conde Save Report Share",True,
13067144,Time Square 9 - Gatsby 3 Bedroom 24m •,https://www.khmer24.com/en/time-square-9-gatsby-3-bedroom-adid-13067144,sale,Phnom Penh,Boeung Keng Kang,Condo,,search_category,,197964,130.0,3,search_card_text,3 Bedroom,,,,,,,,,,,,,,,,,,description_heading,"Main Category House & Land Category Condo For Sale Size 130m² The Great Gatsby Aesthetic. A life like in the movies — only better, because it’s real. “In his blue gardens men and girls came and went like moths among the whisperings and the champagne and the stars.” — F. Scott Fitzgerald, The Great Gatsby Mornings begin not with rush, but with soft daylight pouring through panoramic windows. Evenings begin with a glass of wine in interiors where style, status, and impeccable taste are felt in every detail. Time Square 9 is more than just an apartment. It is a new standard of living inspired by the Jazz Age: 1930s Chicago architecture, Gatsby-level luxury, and confidence in tomorrow. Price with -10% discount: $197,964 (savings: $21,996) Purchase terms: Reservation fee: $1,000 Down payment: $38,592.8 0% installment plan: 45 months Monthly payment (1%): $1,979.64 35% upon project completion / handover: $69,287.4 Why this is a great deal: ✨ You enter the project with a low monthly payment and zero interest ✨ Perfect for family living or rental income — a highly liquid floor/unit ✨ The price is lower than it will be after completion Please click on phone number to show and don't forget to mention that you found this ad on Khmer24.com. Contact Phones 016701XXX Show Phone Number Boeng Keng Kang Bei, Boeng Keng Kang, Phnom Penh St. 278 Save Report Share",True,
13659601,Building sale $5.7M 24m •,https://www.khmer24.com/en/building-sale-57m-adid-13659601,sale,Phnom Penh,Sen Sok,Condo,,search_category,,5700000,25.0,,,,,,,,,,,,,,,,,,,,,description_heading,"Main Category House & Land Category Condo For Sale Size 25m² 🏢អគារសម្រាប់លក់/ Building For Sale 🌟🌟លក់ក្នុងតម្លៃពិសេស/Hot Sale: $5.7M 📍ទីតាំងល្អសម្រាប់ ការិយាល័យ ធនាគារ សាលារៀន បន្ទីពេទ្យ ហាងលក់ទំនិញ / Best for Office, Banks, Schools, Hospitals, Showrooms ….. 👉 ទំហំដី/Land Area: 32m x 70m (2440m2) 👉 ទំហំអគារ/Building Size: 25m x 25m 👉 ទំហំសរុប/Total Space: 8000+m2 (12 Floors) 👉បន្ទប់ទឹក/Bathrooms: 39 rooms 👉ជណ្តើរយន្ត/Elevator: 2 Passengers elevator 👉 ចំណតឡាន/Car Park : 40cars 🌎 អាស័យដ្ឋាន: មហាវិថីហាណូយ សង្កាត់ឃ្មួញ ខណ្ឌសែនសុខ រាជធានីភ្នំពេញ នៅជិតហ្គ្រេនភ្នំពេញសុីធី។( Next to Grand Phnom Penh City) ———————————————————————— For details information: 📲 (+855)93 536 999/ 61 536 999 ✍️ Telegram: https://t.me/internalsaleteam Please click on phone number to show and don't forget to mention that you found this ad on Khmer24.com. Contact Phones 061536XXX 093536XXX 068536XXX Show Phone Number Khmuonh, Saensokh, Phnom Penh Sensok - Khmuonh Show on Google Map Save Report Share",True,
12503084,Condo at Morgan level 36 studio room Best price for now is 85000$. Price from Morgan is $101000 24m •,https://www.khmer24.com/en/condo-at-morgan-level-36-studio-room-best-price-for-now-is-85000-price-from-morgan-is-101000-adid-12503084,sale,Phnom Penh,Chrouy Changva,Condo,,search_category,,85000,48.0,0,search_card_text,studio,,,,,,,,,,,,,,,,,,description_heading,"Main Category House & Land Category Condo For Sale Size 48m² Condo at Morgan Enmaison Chrouy Changva level 36 face to Royal Palace studio room. Full set of furniture. Best price for now is 85000$. Price from Morgan is 101000$ without furniture Size 48sq, currently rented Please click on phone number to show and don't forget to mention that you found this ad on Khmer24.com. Contact Phones 086601XXX 0313328XXX Show Phone Number Chrouy Changva, Chrouy Changva, Phnom Penh https://maps.app.goo.gl/U8HwC7W5SGJj3wD8A?g_st=ipc Save Report Share",True,
12698129,#SC012 👉 Lowest Price ! VISTA Condo - One Bedroom 67 sqm Near AEON For URGENT SALE 24m •,https://www.khmer24.com/en/sc012-lowest-price-vista-condo-one-bedroom-67-sqm-near-aeon-for-urgent-sale-adid-12698129,sale,Phnom Penh,Russey Keo,Condo,,search_category,,60000,67.0,1,search_card_text,One Bedroom,,,1,description,Bathroom: 1,,,13,description,Floor: 13th,,,,,,,,json_ld_description,"#SC012 👉 Lowest Price ! VISTA Condo - One Bedroom 67 sqm Near AEON For URGENT SALE - Net area: 67 sqm - Facing: south - Floor: 13th - Bedroom: 1 - Bathroom: 1 - Balcony: 1 - Include furniture - Facility: gym, swimming pool, parking, coffee shop, rooftop lounge - Location: https://maps.app.goo.gl/JyhroJQc1RXRetdt8 - Price: $60,000 - Transfer ownership: strata title / hard title / freehold - Contact Exclusive Realtor: 069239595 | 095 79 95 95 | 071 302 3002 👉 Telegram Group: https://t.me/+LxD_l_Ua3IA5NTI9 👉 Follow Our Social Media: https://linktr.ee/selarealty #SELAREALTY #BPR_Team #Land #House #Villa #Condo #Consultant #SALE #BUY #RENT #LEASE #PhnomPenh #Cambodia",True,
12943855,Condo For Sale- Morgan Chroy Changvar 24m •,https://www.khmer24.com/en/condo-for-sale-morgan-chroy-changvar-adid-12943855,sale,Phnom Penh,Chrouy Changva,Condo,,search_category,,85000,60.0,1,description,1 Bedroom,,,1,description,1 Bathroom,,,2,description,Floor: 2,,,,,,,,description_heading,"Main Category House & Land Category Condo For Sale Size 60m² CONDO FOR SALE 📍MORGAN - Chrouy Changvar 5 minutes to Norton University 🏷️ SALE $85000 • Rental : 400$/month contract 6month • Deposit: 2 pay 1 🛌 1 Bedroom Duplex 🚽 1 Bathroom 📐 60 Squares Floor: 2 floors Call us for more information: Tel: 093762xxx Click To Call /012762847 Telegram: https://t.me/sisodameas WhatsApp: https://wa.me/85512762847 Please click on phone number to show and don't forget to mention that you found this ad on Khmer24.com. Contact Phones 093762XXX 012762XXX Show Phone Number Chrouy Changva, Chrouy Changva, Phnom Penh gmail.com "">Sisodamea***@ gmail.com Save Report Share",True,
13376080,HIGH FLOOR Spacious 1 BEDROOM for Sale in Urban Village Phase 2 24m •,https://www.khmer24.com/en/high-floor-spacious-1-bedroom-for-sale-in-urban-village-phase-2-adid-13376080,sale,Phnom Penh,Meanchey,Condo,,search_category,,69000,58.0,1,search_card_text,1 BEDROOM,,,1,description,1 bathroom,,,42,description,42nd floor,,,,,,,,json_ld_description,"HIGH FLOOR Spacious 1 BEDROOM for Sale in Urban Village Phase 2 - Selling Price: 69,000$ (negotiable) - 1 bedroom, 1 bathroom and 2 balconies - Net Size: 49sqm, Gross Size: 58sqm - 42nd floor - 10 minutes to Aeon Mall 3 and 25 minutes to Techo International Airport - Swimming Pool, Coffee shop, restaurant, Spa, Salon, Aeon Max Valu good for residential use or investment. - Location: 60M Road, Sangkat Chak Angrae Leu, Khan Mean Chey, Phnom Penh - Contact: 010 460 460 - Telegram Link: https://t.me/sao_so_pheak - WhatsApp Link: https://wa.me/message/AMTYCYEPAKYZC1 - WeChat ID: so-pheak",True,
13376860,SPECIAL Layout ONE Bedroom for SALE in Urban Village Phase 2 24m •,https://www.khmer24.com/en/special-layout-one-bedroom-for-sale-in-urban-village-phase-2-adid-13376860,sale,Phnom Penh,Meanchey,Condo,,search_category,,63000,59.0,1,search_card_text,ONE Bedroom,,,1,description,1 bathroom,,,7,description,07th floor,,,,,,,,json_ld_description,"SPECIAL Layout ONE BEDROOM for SALE in Urban Village Phase 2 - Selling Price: 63,000$ (negotiable) - 1 bedroom, 1 bathroom and 2 balconies - Net Size: 48sqm, Gross Size: 58sqm - 07th floor - 10 minutes to Aeon Mall 3 and 25 minutes to Techo International Airport - Swimming Pool, Coffee shop, restaurant, Spa, Salon, Aeon Max Valu good for residential use or investment. - Location: 60M Road, Sangkat Chak Angrae Leu, Khan Mean Chey, Phnom Penh - Contact: 010 460 460 - Telegram Link: https://t.me/sao_so_pheak - WhatsApp Link: https://wa.me/message/AMTYCYEPAKYZC1 - WeChat ID: so-pheak",True,
13512339,High Floor Studio Unit for SALE in Urban Village Phase 2 24m •,https://www.khmer24.com/en/high-floor-studio-unit-for-sale-in-urban-village-phase-2-adid-13512339,sale,Phnom Penh,Meanchey,Condo,,search_category,,44000,35.0,0,search_card_text,Studio,,,,,,,,43,description,43rd floor,,,,,,,,description_heading,"Main Category House & Land Category Condo For Sale Size 35m² High Floor Studio Unit for SALE in Urban Village Phase 2 - Selling Price: 44,000$ - Net Size: 28sqm, Gross Size: 35sqm - 43rd floor - 10 minutes to Aeon Mall 3 and 25 minutes to Techo International Airport - Coffee shop, restaurant, Spa, Salon, Aeon Max Valu good for residential use or investment. - Location: 60M Road, Sangkat Chak Angrae Leu, Khan Mean Chey, Phnom Penh - Contact: 010 460 xxx Click To Call - Telegram Link: https://t.me/sao_so_pheak Please click on phone number to show and don't forget to mention that you found this ad on Khmer24.com. Contact Phones 010460XXX 098772XXX Show Phone Number Chak Angrae Leu, Mean Chey, Phnom Penh 60 Road/Hun Sen Blvd, Phnom Penh, Cambodia Save Report Share",True,
13674254,L Tower Urgent Sale 24m •,https://www.khmer24.com/en/l-tower-urgent-sale-adid-13674254,sale,Phnom Penh,Meanchey,Condo,,search_category,,52000,46.0,1,description,1bed,,,1,description,1bathroom,,,,,,,,,,,,,json_ld_description,"🏢 L Tower 271 1units Sale 💁💁Price 52,000$ ✅Type 1bed 1bathroom ✅Floor 19 ✅Size 46sqm ✅Full Furnished 🥰Best view 📍Place L Tower Loft 271 🟰🟰🟰🟰🟰🟰🟰🟰 ☎️ 069 430432 / 078 430432 https://t.me/TrustMono1 ក្រុបទិញលក់ជួលCondo តម្លៃល្អៗ❤️🫰 https://t.me/BestCondoMN",True,
13244102,Time Square 11 Hot sale BKK 24m •,https://www.khmer24.com/en/time-square-11-hot-sale-bkk-adid-13244102,sale,Phnom Penh,Boeung Keng Kang,Condo,,search_category,,53000,45.0,,,,,,,,,,,,,,,,,,,,,description_heading,"Main Category House & Land Category Condo For Sale Size 45m² 🎉 បើកលក់ជាផ្លូវការហើយ តម្លៃពិសេសចាប់ពី 4មុឺនជាង (1,XXX$/m2) ‼️ 👑 Time Square បើកគម្រោងទី 11 ដែលមានទីតាំងត្រឹមតែ 2ផ្លូវ ពីផ្លូវ360 កៀកផ្លូវម៉ៅសេទុង ជិតផ្សារទួលទំពូង និងស្តុបបូកគោ នៅក្នុងតំបន់បឹងកេងកង3 🔥 បង់អត់ការប្រាក់រហូតដល់ 35ខែ 🔥 បង់មុនត្រឹម 10% - 20% 🔥 បង់ប្រចាំខែ 4XX$ - 5XX$ 👉 តម្លៃពិសេស និងរើសបាន យូនីតល្អមុនគេ សម្រាប់តែអតិថិជនដែលបានចុះឈ្មោះ តាមលេខ តេលេក្រាមខាងក្រោមនេះតែប៉ុណ្ណោះ 🟰🟰🟰🟰🟰🟰🟰🟰 ☎️ 069 430xxx Click To Call / 078 430xxx Click To Call https://t.me/TrustMono1 Please click on phone number to show and don't forget to mention that you found this ad on Khmer24.com. Contact Phones 078430XXX 069430XXX Show Phone Number Boeng Keng Kang Bei, Boeng Keng Kang, Phnom Penh Phnom Penh Save Report Share",True,
12902224,"❗️#PRICEDROP❗️ Duplex 3-Bedroom Penthouse🌇🌿-📍Parc 21 Residence, Boeung Trabek, Phnom Penh 24m •",https://www.khmer24.com/en/pricedrop-duplex-3-bedroom-penthouse-parc-21-residence-boeung-trabek-phnom-penh-adid-12902224,sale,Phnom Penh,Chamkarmon,Condo,,search_category,,465000,211.0,3,search_card_text,3-Bedroom,,,3,description,3 Bathrooms,,,21,description,21st Floor,,,,,,,,json_ld_description,"🌆 Claim the height of urban living at Parc 21 Residence. This top-floor duplex penthouse features sunlit open spaces, a chic kitchen, and a long city-view balcony. Three peaceful bedrooms and premium amenities make it ideal for living—and its prime location ensures excellent investment potential. ✨ 🛌 3 Bedrooms | 🛀 3 Bathrooms ▪️Strata Title ▪️Fully Furnished ▪️Size: 211 Sqm (Gross: 169.38 Sqm) ▪️Situated Floor: 21st Floor ▪️Amenities: Swimming Pool, Gym, Sky Bar, Lift/Elevator ▪️Property Code: 20924 💲 Price : $ 650,000 ➡️ $ 465,000 📍Location: 3 mins to Russian Market, 7 mins to Mekong Phnom Penh Hospital, 10 mins to Aeon 1. _____________________ 📩 For further info or to schedule a viewing, please contact me through: Telegram: https://t.me/SreyneangIPS | WhatsApp: https://ipsco.site/sreyneang",True,
13126233,TIME SQUARE 8 | BKK1 — CENTRAL PHNOM PENH. HEIGHT. STATUS. INVESTMENT. 24m •,https://www.khmer24.com/en/time-square-8-bkk1-central-phnom-penh-height-status-investment-adid-13126233,sale,Phnom Penh,Boeung Keng Kang,Condo,,search_category,,149,112.0,2,description,2 Bedrooms,,,,,,,,41,description,Floor: 41,,,,,,,,description_heading,"Main Category House & Land Category Condo For Sale Size 112m² TIME SQUARE 8 is one of the capital’s most striking and highly anticipated projects: 49 floors, iconic architecture, and a prime location in BKK1 district. BKK1 — Phnom Penh’s most prestigious and in-demand area: ✔ Business and expat lifestyle hub ✔ Walking distance to restaurants, banks, offices, business centers, and embassies ✔ High year-round rental demand ✔ Excellent resale liquidity Premium-level facilities within the complex: 🎬 Cinema 🏋 Sports complex (yoga, tennis, boxing, gym) 🏢 Conference hall 🏊 Rooftop swimming pool 👶 Kids’ zone 🌆 Panoramic city views Duplex units — a rare format that: ✔ Is always in limited supply ✔ Attracts higher-paying tenants ✔ Preserves and increases value better ✔ Adds prestige to the property 🏗 Construction completion — June 2028 ❗ Only the last duplex units remain available. 💎 SPECIAL OFFER ON DUPLEXES 🔹 2 Bedrooms | Unit 41E • Floor: 41 • Area: 112 m² • Price before discount: $162,120 • Discount: $13,000 (~8%) • Price now: $149,120 Purchase terms: • Reservation: $2,000 • Down payment 20%: $29,824 (balance after reservation: $27,824) • Interest-free installment for 45 months: 1% per month = $1,491.20 • Payment upon completion (35%): $52,192 📈 Rental rates for 2-bedroom units in this area start from $1,000/month (~$12,000/year) Estimated return: around 8% annually + capital appreciation. 📍 Why TIME SQUARE 8? Location + height + project brand + limited supply = a strong long-term asset. Properties like this are bought now, not “someday.” 📩 Secure the price and discount while the offer is still available. Please click on phone number to show and don't forget to mention that you found this ad on Khmer24.com. Contact Phones 016701XXX Show Phone Number Boeng Keng Kang Bei, Boeng Keng Kang, Phnom Penh 23 Street 410, Phnom Penh 120109 Save Report Share",True,
13239482,"#URGENTSALE❗️ 2-Bedroom Luxury Condo🌇 -📍Embassy Residences, Tonle Bassac, Phnom Penh 24m •",https://www.khmer24.com/en/urgentsale-2-bedroom-luxury-condo-embassy-residences-tonle-bassac-phnom-penh-adid-13239482,sale,Phnom Penh,Chamkarmon,Condo,,search_category,,300000,153.0,2,search_card_text,2-Bedroom,,,2,description,2 Bathrooms,,,10,description,10th Floor,,,,,,,,description_heading,"Main Category House & Land Category Condo For Sale Size 153m² 🛏 2 Bedrooms | 🛁 2 Bathrooms ▪️Size: 153 Sqm ▪️Situated Floor: 10th Floor ▪️Personal Parking Space ▪️Amenities: Swimming Pool, Hot Tub, Gym ▪️Perfect for living or investment ▪️Property Code: 15058 📍Location: 4 mins from Royal University of Law and Economics (RULE) & Aeon Mall 1, 10 mins to Wat Botum Park ________________________________ 📩 For further info or to schedule a viewing, please contact me through: Telegram: https://t.me/SreyneangIPS | WhatsApp: https://ipsco.site/sreyneang Please click on phone number to show and don't forget to mention that you found this ad on Khmer24.com. Contact Phones 086824XXX 078824XXX Show Phone Number Tonle Basak, Chamkar Mon, Phnom Penh Tonle Bassac Show on Google Map Save Report Share",True,
13376822,GOOD PRICE High Floor Studio Unit for Sale in Urban Village Phase 2 24m •,https://www.khmer24.com/en/good-price-high-floor-studio-unit-for-sale-in-urban-village-phase-2-adid-13376822,sale,Phnom Penh,Meanchey,Condo,,search_category,,46000,38.0,0,search_card_text,Studio,,,,,,,,32,description,32nd floor,,,,,,,,description_heading,"Main Category House & Land Category Condo For Sale Size 38m² GOOD PRICE High Floor Studio Unit for Sale in Urban Village Phase 2 - Selling Price: 46,000$ (negotiable) - Net Size: 31sqm, Gross Size: 38sqm - 32nd floor - 10 minutes to Aeon Mall 3 and 25 minutes to Techo International Airport - Swimming Pool, Coffee shop, restaurant, Spa, Salon, Aeon Max Valu good for residential use or investment. - Location: 60M Road, Sangkat Chak Angrae Leu, Khan Mean Chey, Phnom Penh - Contact: 010 460 xxx Click To Call - Telegram Link: https://t.me/sao_so_pheak - WhatsApp Link: https://wa.me/message/AMTYCYEPAKYZC1 - WeChat ID: so-pheak Please click on phone number to show and don't forget to mention that you found this ad on Khmer24.com. Contact Phones 010460XXX 098772XXX Show Phone Number Chak Angrae Leu, Mean Chey, Phnom Penh 60 Road/Hun Sen Blvd, Phnom Penh, Cambodia Save Report Share",True,
13522147,ដីលក់ នៅជ្រោយចង្វារ ជាប់មាត់ទន្លេ 1d •,https://www.khmer24.com/en/land-for-sale-adid-13522147,sale,Phnom Penh,Chrouy Changva,Condo,,search_category,,445968,1672.0,,,,,,,,,,,,,,,,,,,,,description_heading,"Main Category House & Land Category Land For Sale Size 1672m² ដីមាត់ទន្លេ លក់បន្ទាន់!! »មានប្លង់រឹង 📍ទីតាំង: ភូមិព្រែករាំង សង្កាត់ព្រែកតាសេក ខណ្ឌព្រែកព្នៅ (ចុះពីស្ពានលីយ៉ុងផាត់ ប្រហែល ៣ ទៅ ៤នាទី ដល់ទីតាំងដី, ខាងមុខក្បាលដីជាប់ផ្លូវ15ម៉ែត្រ, ខាងក្រោយក្បាលដីជាប់ទន្លេ) -ទំហំដីជាក់ស្ដែងដល់ច្រាំងទន្លេ៖ 22m x 76m -ទំហំដីក្នុងប្លង់ កាត់ចំណីទន្លេរួច៖ 978ម៉ែត្រការ៉េ 💵តម្លៃ: $456/មួយការ៉េ (លក់ទៅតាមទំហំដីក្នុងប័ណ្ណកម្មសិទ្ធិ ទំហំ 978ម៉ែត្រការ៉េ) សូមទំនាក់ទំនងជាមួយម្ចាស់ផ្ទាល់តាមលេខទូរស័ព្ទខាងក្រោម៖ ☎️ 011898xxx Click To Call Telegram: https://t.me/saingsopheakvichith Please click on phone number to show and don't forget to mention that you found this ad on Khmer24.com. Contact Phones 011898XXX Show Phone Number Preaek Ta Sek, Chrouy Changva, Phnom Penh ភូមិព្រែករាំង សង្កាត់ព្រែកតាសេក ខណ្ឌជ្រោយចង្វារ រាជធានីភ្នំពេញ Show on Google Map Save Report Share",True,
12779682,"ទំហំដីចំការទុរ៉េនមាន 2000ដេីម ( ម្ចាស់ផ្ទាល់) Mar 3 • Krong Saen Monourom, Mondulkiri Sale • 300000m² $6.99",https://www.khmer24.com/en/2000-adid-12779682,sale,Phnom Penh,,Condo,,search_category,,6,300000.0,,,,,,,,,,,,,,,,,,,,,meta_description,"ទំហំដីចំការទុរ៉េនមាន 2000ដេីម ( ម្ចាស់ផ្ទាល់) price $6.99 Sale posted by CT SO in Monourom, Krong Saen Monourom, Mondulkiri Cambodia on Khmer24.com.",True,
13537234,Orkide 3 bed លក់ខាតខ្លាំង 24m •,https://www.khmer24.com/en/orkide-3-bed-adid-13537234,sale,Phnom Penh,Sen Sok,Condo,,search_category,,180000,120.0,3,search_card_text,3 bed,,description=2 from 'Two Bedroom',,,,,,3,description,Floor: 03,,,,,,,,json_ld_description,"🏬Orkide The Royal Condominiums ✅Two Bedroom 💁Price : $180,000(Negotiate) ✅Hard Title ✅Size: Net: 119.14m² ✅Floor: 03 ✅Tower : A Face to: CIA street 2004 View : City 🟰🟰🟰🟰🟰🟰🟰🟰 ☎️ 069 430432 / 078 430432 https://t.me/TrustMono1 ក្រុបទិញលក់ជួលCondo តម្លៃល្អៗ❤️🫰 https://t.me/BestCondoMN",True,True
13058677,Luxury 2 bedroom condo for Sale at Time Square 3 28m •,https://www.khmer24.com/en/luxury-2-bedroom-condo-for-sale-at-time-square-3-adid-13058677,sale,Phnom Penh,Toul Kork,Condo,,search_category,,105000,50.0,2,search_card_text,2 bedroom,,,1,description,Bathrooms: 1,,,,,,,,,,,,,json_ld_description,"🏡Just Listed, 2 Bedroom at Time Square 3 for sale! 🔥 Selling Price: $105,000 ✅Property Details • Bedrooms: 2 • Bathrooms: 1 • Size: 50sqm • Fully furnishedy ✅ Facilities • Gym/Pool • Security 24 hours Full listing: 🔗 Telegram: https://t.me/Kpp119 🔗 WhatsApp: https://wa.me/+85515519797 🔗 Website: www.expat-realty.com ☎️Join Telegram Channels: 🔗https://t.me/+7HGMRO7w-6c0NGI9 #forrent #rent #condo #apartment #residential #justlisted #listings #realestate #phnompenh #penthouse #luxurious",True,
13787558,For sale 32m •,https://www.khmer24.com/en/for-sale-adid-13787558,sale,Phnom Penh,Por Senchey,Condo,,search_category,,35000,112.0,3,description,បន្ទប់គេង 3,,,2,description,បន្ទប់ទឹក 2,,,,,,,,,,,,,description_heading,"Main Category House & Land Category Condo For Sale Size 112m² ខុនដូ លក់ឫជួល នៅក្នុងអាគារ Phnom Penh Maison Ruby Condominium * តម្លៃជួល៖ $500 ក្នុង1ខែ * ទំហំ៖ 112.13m2 * វេរ៉ង់ដា 2 * បន្ទប់គេង 3 និង បន្ទប់ទឹក 2 * ផ្ទះបែរទៅទិស៖ ខាងត្បូង និងជើង * ផ្ដល់ជូនសម្ភារៈដូចជា៖ ម៉ាសុីនត្រជាក់ និងវាំងនន * ប្លង់រឹង * មានសន្តិសុខ 24H * មានអ្នកសំអាត និងចំណតឡានធំទូលាយ * ភាគច្រើនជនជាតិកូរ៉េ ជាម្ចាស់Condo Location: Phum Koukchambak Sangkat Chaomchau, Khan Porsenchey, #952 Duong Ngeap Street II, Phnom Penh Google Map: https://maps.app.goo.gl/UqL8mgamFxpzBr7V6 Phone ☎️ 010 782 xxx Click To Call , 015 566 xxx Click To Call Please click on phone number to show and don't forget to mention that you found this ad on Khmer24.com. Contact Phones 015566XXX Show Phone Number Chaom Chau 1, Por Senchey, Phnom Penh #952 Duong Ngeap Street II ,Phnom Penh Save Report Share",True,
13542429,For Sale: Superb Fully Decorated 3bedrooms with 3bathrooms at Time Square 5 33m •,https://www.khmer24.com/en/for-sale-superb-fully-decorated-3bedrooms-with-3bathrooms-at-time-square-5-adid-13542429,sale,Phnom Penh,Boeung Keng Kang,Condo,,search_category,,250000,120.0,3,search_card_text,3bedrooms,,,3,search_card_text,3bathrooms,,,,,,,,,,,,,json_ld_description,"*** Rare Property Special Penthouse 3Bedrooms BKK1 For Sale: Superb Fully Decorated 3bedrooms with 3bathrooms at Time Square 5 -Special Price: $250,000 - Type X1 120sqm - 3bedrooms with 3bathrooms - on super high floor - Located at BKK1 - Full Facility include Swimming Pool, Cafe, Skybar, Kids Playground, etc. Visit Appointment at 089 788861 t.me/panhareth_duy For more properties t.me/property_brokerage #TimeSquare5 #BKK1 #3bedroom #apartment #condominium",True,
12515588,💎Time Square 8 💎ONLY 9 apartments LEFT!!! 37m •,https://www.khmer24.com/en/time-square-8-only-9-apartments-left-adid-12515588,sale,Phnom Penh,Chamkarmon,Condo,,search_category,,103125,88.0,2,description,2-bedroom,,,,,,,,,,,,,,,,,,json_ld_description,"💎 Time Square 8 – An investment growing with the city! 💎 Presenting a 2-bedroom apartment in the prestigious residential complex of the future: 📐 88 m² gross / 66 m² net – space for life and inspiration 🏙 Modern architecture and well-thought-out layouts ✨ Cinema, Art Zone, Sky Lounge, Fitness Club, Infinity Pool, and Patio 💰 From $103,125 – available today, worth more tomorrow! 🎯 Why now? • 🔥 $10,000 discount on the last 9 apartments • ⏳ Completion by end of 2029: buy now at today’s price • 📈 High potential for value growth and rental income Open the door to the future with Time Square 8 – where every square meter works for you. ——— 💎 Time Square 8 – 与城市共同成长的投资！ 💎 我们为您呈现未来高端住宅区的一套两居室公寓： 📐 88㎡ 总面积 / 66㎡ 可居住面积 – 为生活与灵感提供充足空间 🏙 现代建筑与精心设计的户型 ✨ 影院、艺术空间、空中会所、健身房、无边泳池和露台 💰 起价 103,125 美元 – 今日可得，明日更值！ 🎯 为什么是现在？ • 🔥 仅剩 9 套，立减 10,000 美元 • ⏳ 2029 年底交付：抢先锁定今日价格 • 📈 高价值增值与租金回报潜力 开启与 Time Square 8 的未来之门 – 每一平方米都在为您创造收益。 ⸻ 💎 Time Square 8 – ការវិនិយោគដែលរីកចម្រើនជាមួយទីក្រុង! 💎 សូមណែនាំអាផាតមិន ២ បន្ទប់គេង នៅក្នុងគម្រោងលំនៅឋានមានកិត្យានុភាពនៃអនាគត៖ 📐 ផ្ទៃសរុប 88 ម៉ែត្រការ៉េ / ផ្ទៃរស់នៅ 66 ម៉ែត្រការ៉េ – ទំហំសម្រាប់ជីវិត និងការច្នៃប្រឌិត 🏙 ស្ថាបត្យកម្មទំនើប និងគម្រោងប្លង់លម្អិត ✨ រោងភាពយន្ត តំបន់សិល្បៈ Sky-Lounge ក្លឹបហាត់ប្រាណ អាងហែលទឹក Infinity និងផាត្យូ 💰 ចាប់ពី 103,125 ដុល្លារ – អាចទិញបានថ្ងៃនេះ មានតម្លៃកាន់តែខ្ពស់នៅថ្ងៃស្អែក! 🎯 ហេតុអ្វីជាឥឡូវនេះ? • 🔥 បញ្ចុះតម្លៃ 10,000 ដុល្លារ សម្រាប់ផ្ទះល្វែងចុងក្រោយ ៩ ប៉ុណ្ណោះ • ⏳ ការបញ្ចប់ការសាងសង់ចុងឆ្នាំ 2029 – ទិញឥឡូវនេះតាមតម្លៃសព្វថ្ងៃ • 📈 សក្តានុពលខ្ពស់ក្នុងការកើនតម្លៃ និងចំណូលជួល បើកទ្វារទៅអនាគតជាមួយ Time Square 8 – កន្លែងដែលរាល់ម៉ែត្រការ៉េធ្វើការឱ្យអ្នក។",True,
13507146,🐣赔錢賣🐣巴里3一房一厅🎉A栋 39m •,https://www.khmer24.com/en/condo-for-sale-adid-13507146,sale,Phnom Penh,Chrouy Changva,Condo,,search_category,,55000,85.0,1,description,One-Bedroom,,,,,,,,,,,,,,,,,,json_ld_description,"🐣លក់ក្នុងតម្លៃទាប🐣 អាផាតមិន Bali 3 មួយបន្ទប់គេង 🎉 💰បញ្ចុះតម្លៃ 50% តម្លៃ៖ 55,000 ដុល្លារ 🔥តម្លៃដើម៖ 110,000 ដុល្លារ 🧩ផ្ទៃអគារ៖ 85.1 ម៉ែត្រការ៉េ 🧩ផ្ទៃខាងក្នុង៖ 62.32 ម៉ែត្រការ៉េ 🧩ជាន់/កម្ពស់៖ 12/24 ✅ឥតគិតថ្លៃ៖ អាងហែលទឹក/កន្លែងហាត់ប្រាណ/ចំណតរថយន្ត 🔥តម្លៃរួមបញ្ចូលគ្រឿងសង្ហារិម និងឧបករណ៍ប្រើប្រាស់ក្នុងផ្ទះ 🧧មានប័ណ្ណកម្មសិទ្ធិ មិនរួមបញ្ចូលថ្លៃផ្ទេរសិទ្ធិ និងពន្ធប្រថាប់ត្រា 4% ⭕️តំបន់អភិវឌ្ឍន៍អាទិភាព ⭕️តម្លៃដើម 127,000 ដុល្លារ + ថ្លៃកាត់ប្លង់ 5,000 ដុល្លារ ⭕️បរិស្ថានល្អ ទីតាំងល្អឥតខ្ចោះ ⭕️ពន្លឺធម្មជាតិល្អ និងខ្យល់ចេញចូលល្អ ———————————— 🐣赔錢賣🐣巴里3一房一厅🎉A栋 💰5折价格：$55000 🔥原價：$110,000 🧩建筑面积： 85.1平方米 🧩室内面积： 62.32平方米 🧩楼层/楼高：12/24 ✅免费free：游泳池/健身房/车位 🔥售價包含家具家電 🧧有硬卡、不包含過戶費交易税4% ⭕️政府重點開發新市區 ⭕️原始價格$110000 ⭕️環境好、地理位置優越 ⭕️格局方正、採光通風良好 ———————————— 🐣Selling at a Loss🐣 Bali 3 Apartment One-Bedroom 🎉 💰50% Off Price: $55,000 🔥Original Price: $110,000 🧩Building Area: 85.1 sqm 🧩Interior Area: 62.32 sqm 🧩Floor/Height: 12/24 ✅Free: Swimming Pool/Gym/Parking Space 🔥Price includes furniture and appliances 🧧Title included, excluding transfer fees and 4% transaction tax ⭕️Priority Development Area ⭕️Original Price $127,000 + $5,000 Transfer Fee ⭕️Good Environment, Excellent Location ⭕️Square Layout, Good Natural Light and Ventilation Please Contact us for more information：061 587 958 https://t.me/JL_Lindaai, https://t.me/JLproerty666 John Laing艾妤臻 请联系我们 061 587 958 https://t.me/JL_lindaai, https://t.me/JLproperty666",True,
13793063,ខនដូរសម្រាប់លក់ 41m •,https://www.khmer24.com/en/condo-for-sale-adid-13793063,sale,Phnom Penh,Chrouy Changva,Condo,,search_category,,135000,67.0,2,description,Bedrooms: 2,,,2,description,Bathrooms: 2,,,33,description,Floor: 33,,,,,,,,json_ld_description,"🏙️ Modern Living in Chroy Chongva | 2-Bedroom Condo, Fully Furnished ✨ Condo For Sale ✨ Selling Price: $135,000 Floor: 33, Unit 15 (Building II) Unit Size: 67 m2 Bedrooms: 2 Bathrooms: 2 Balcony: 1 Furniture: Fully furnished Location: Chroy Chongva 📞 Contact for details or viewing 📱 010 766 444 💬 https://t.me/sovannrina",True,
13799101,UK 548 លក់ខាតខ្លាំង 42m •,https://www.khmer24.com/en/uk-548-adid-13799101,sale,Phnom Penh,Toul Kork,Condo,,search_category,,45000,49.0,2,description,2 bedrooms,,,1,description,1 bathrooms,,,,,,,,,,,,,description_heading,"Main Category House & Land Category Condo For Sale Size 49m² 🏬Condo UK 548 លក់ខាត 💁🏼💁🏼Sale Price $45,000 ✅Type: 2 bedrooms 1 bathrooms ✅Size: 49m2 ✅Include VAT 10% ✅ប្លង់រឹង 📍UK 548 Toul Kork 🟰🟰🟰🟰🟰🟰🟰🟰 ☎️ 069 430xxx Click To Call / 078 430xxx Click To Call https://t.me/TrustMono1 ក្រុបទិញលក់ជួលCondo តម្លៃល្អៗ❤️🫰 https://t.me/BestCondoMN Please click on phone number to show and don't forget to mention that you found this ad on Khmer24.com. Contact Phones 078430XXX 069430XXX Show Phone Number Boeng Kak Pir, Tuol Kouk, Phnom Penh Phnom Penh Save Report Share",True,
13801296,"#SC003 👉 Special Price! URGENT SALE, Condo One Bedroom Near AEON 2 Has Income 400$/month ... 42m •",https://www.khmer24.com/en/sc003-special-price-urgent-sale-condo-one-bedroom-near-aeon-2-has-income-400month-adid-13801296,sale,Phnom Penh,Russey Keo,Condo,,search_category,,64000,57.0,1,search_card_text,One Bedroom,,,1,description,Bathroom: 1,,,14,description,Floor: 14th,,,,,,,,json_ld_description,"#SC003 👉 Special Price! URGENT SALE, Condo One Bedroom Near AEON 2 Has Income 400$/month ... - Net area: 57 sqm - Floor: 14th - Bedroom: 1 - Bathroom: 1 - Balcony: 1 - Fully Furnished - Facility: gym, swimming pool, parking, coffee shop, rooftop lounge - Map: https://maps.app.goo.gl/JyhroJQc1RXRetdt8 - Price: $64,000 - Transfer ownership: Developer Name - Location: Vista condo at Borey toul songke, Phum Krolko, Songkat Kilolek 6, Khan Russeykeo, Phnom Penh 👉 Contact Exclusive Realtor: 069239595 | 095 79 95 95 | 071 302 3002 👉 Telegram Group: https://t.me/+LxD_l_Ua3IA5NTI9 👉 Follow Our Social Media: https://linko.page/sz66qj64k6gv #SELAREALTY #BPR_Team #Land #House #Villa #Condo #Consultant #SALE #BUY #RENT #LEASE #PhnomPenh #Cambodia",True,
12549364,#SC032 #SCL028 👉 BEST PRICE 👉 RENT 👉 SALE Condo One Bedroom At Borey Peng Hout Beung Snor 42m •,https://www.khmer24.com/en/sc032-scl028-best-price-rent-sale-condo-one-bedroom-at-borey-peng-hout-beung-snor-adid-12549364,sale/rent,Phnom Penh,Chbar Ampov,Condo,,search_category,,49500,30.0,1,search_card_text,One Bedroom,,,1,description,Bathroom: 1,,,,,,,,,,,,,json_ld_description,"#SC032 #SCL028 👉 BEST PRICE 👉 RENT 👉 SALE Condo One Bedroom At Borey Peng Hout Beung Snor - High Floor, Open View - Net Area: 30 sqm - Bedroom: 1 - Bathroom: 1 - Balcony: 1 - Living area, Dinning area, Kitchen - Have Furniture - Sale: $49,500 (Free Transfer Ownership) - Rent: $250/month (Contract Up To One Year) - Location: https://maps.app.goo.gl/KR5drEXVdWQ2dQct5 👉 Contact Exclusive Realtor: 069239595 | 095 79 95 95 | 071 302 3002 👉 Telegram Group: https://t.me/+LxD_l_Ua3IA5NTI9 👉 Follow Our Social Media: https://linko.page/sz66qj64k6gv #SELAREALTY #BPR_Team #Land #House #Villa #Condo #Consultant #SALE #BUY #RENT #LEASE #PhnomPenh #Cambodia",True,
13618785,ខុនដូ(តបានម្ចាស់ផ្ទាល់) 43m •,https://www.khmer24.com/en/condo-for-sale-adid-13618785,sale,Phnom Penh,Toul Kork,Condo,,search_category,,38000,33.0,,,,,,,,,,,7,description,ជាន់ទី7,,,,,,,,description_heading,"Main Category House & Land Category Condo For Sale Size 33m² ខុនដូលក់បន្ទាន់ (ជិតស្ពានអាកាសតិចណូ ផ្សារធំថ្មី និងបឹងកក់ នៅជាន់ទី7) តម្លៃពីមុន 65000$ តម្លៃឥឡូវ នេះ 38000$ 📍ទីតាំង៖ ផ្លូវ 618, 120408 ភ្នំពេញ, Cambodia (ទីតាំងល្អ កណ្តាលក្រុងភ្នំពេញ ផ្លូវ 618 ជិតតំបន់បឹងកក់ ឬស្ពានអាកាសតិចណូ ឬប៉មជីបម៉ុង។) ➖➖➖➖➖➖➖ ➖➖➖➖ 👉 តម្លៃត្រឹមតែ $38000 (តម្លៃទាបបំផុតលើទីផ្សារ) អាចដាក់ជួលបាន 250$ /1ខែ 👉 ទំហំ : 33m2 👉បន្ទប់ស្ទូឌីយ៉ូ 👉 បន្ទប់ទឹក៖ ១ 👉 យ៉ៈ ១ (បែរទៅផ្លូវមុខ) ➖➖➖➖➖➖➖➖➖➖➖ ✅ គ្រែ 1 ✅ ម៉ាស៊ីនត្រជាក់ 1 គ្រឿង ✅ ទូរទឹកកក 1គ្រឿង ✅ ម៉ាស៊ីនបោកខោអាវ 1គ្រឿង ✅ តុបាយ 1 ឈុត Please click on phone number to show and don't forget to mention that you found this ad on Khmer24.com. Contact Phones 086544XXX Show Phone Number Boeng Kak Pir, Tuol Kouk, Phnom Penh Phnom Penh Save Report Share",True,
12541024,Morgan Enmaison 48m •,https://www.khmer24.com/en/morgan-enmaison-adid-12541024,sale,Phnom Penh,Chrouy Changva,Condo,,search_category,,2580000,651.0,,,,,,,,,,,,,,,,,,,,,description_heading,"Main Category House & Land Category Condo For Sale Size 651m² Floor:46F Unit: 02 (Sky Palace Villa ) Size : 650.65 m2 Net: 553.06 m2 Full Price:$2,76,263 Purchase Price: $ 2,580,000 Note: Special offer Fully Finished + Decorations. Booking 50000 $ 7days after SPA 50 % remain Installment ÷12months 💖Feel free to contact me now: 📲(+855) 95 446 456 📲(+855) 92 949 289 📲(+855) 69 264 289 Telegram: https://t.me/Jeff_Realtor Chanel: https://t.me/Properties855 Email: [email protected] Please click on phone number to show and don't forget to mention that you found this ad on Khmer24.com. Contact Phones 069264XXX 066656XXX 095446XXX Show Phone Number Chrouy Changva, Chrouy Changva, Phnom Penh xxx Click To Call Show on Google Map Save Report Share",True,
13192089,Limited Premium Penthouse 3 River View and City 48m •,https://www.khmer24.com/en/limited-premium-penthouse-3-river-view-and-city-adid-13192089,sale,Phnom Penh,Chrouy Changva,Condo,,search_category,,1320000,330.0,,,,,,,,,,,41,description,on 41st floor,,,,,,,,description_heading,"Main Category House & Land Category Condo For Sale Size 330m² Project: La Vista One 🌟 Premium Penthouse Unit V-33-06 Floor: 33rd Unit number: 06 Gross: 330.17 Sqm Full price $1,331,000 After discount price $1,32,000 🌟 Special Offers Provided fully furnished Provided decoration ( As Video) 1. Offers Car park 2 car parks 2. Private Elevator 2 Elevators 3. Facilities on 41st floor only Penthouse owner can use - Sky bar - Steam Sauna - Golf Room - Barbecue and Karaoke Room - Meeting Room - Party Room - Restaurant like Omakase Room 🤵 ♂️ VIP Private Viewing (+855) 95 446 456 (+855) 92 949 289 (+855) 69 264 289 Telegram: https://t.me/Jeff_Realtor Chanel: https://t.me/Properties855 https://wa.me/message/2WNNVPLJYI6WK1 [email protected] Sophea Van Jeff – Luxury Real Estate Consultant Please click on phone number to show and don't forget to mention that you found this ad on Khmer24.com. Contact Phones 069264XXX 066656XXX 095446XXX Show Phone Number Chrouy Changva, Chrouy Changva, Phnom Penh xxx Click To Call Show on Google Map Save Report Share",True,
12985184,ខនដូរលក់បន្ទាន់ 50m •,https://www.khmer24.com/en/condo-for-sale-adid-12985184,sale,Phnom Penh,Sen Sok,Condo,,search_category,,42000,30.0,1,description,1បន្ទប់គេង,,,1,description,1បន្ទប់ទឹក,,,20,description,ជាន់ទី20,,,,,,,,description_heading,"Main Category House & Land Category Condo For Sale Size 30m² #ខុនដូលក់បទាន់ The Gaden Residency 2នៅជិតផ្សារមំាក្រូ និង Aeon2 តំលៃ42000$ មាន1បន្ទប់គេង 1បន្ទប់ទឹក ទំហំ 30m2 ជាន់ទី20 ខ្យល់អាកាសល្អ និងទេភាពស្អាត ✅ ទិញភ្លាមចូលរស់នៅបានភ្លាម🥰 ✅ ក្នុងអាគារមានអាងហែលទឹកចំនួន2 ក្លឹបហាត់ប្រាណ ត្រាំទឹកក្តៅ និងទឹកត្រជាក់ និងសួនច្បារលើដំបូលអាគារ សូមទំនាក់ទំនងទូរស័ព្ទលេខ : 015967xxx Click To Call Location: ផ្លូវ1932 សង្កាត់ភ្នំពេញថ្មី ខណ្ឌ័សែនសុខ ជិតផ្សារម៉ាក្រូ និងAeon2, Phnom Penh Thmei, Saensokh, Phnom Penh Please click on phone number to show and don't forget to mention that you found this ad on Khmer24.com. Contact Phones 015967XXX 089888XXX Show Phone Number Phnom Penh Thmei, Saensokh, Phnom Penh ផ្លូវលេខ 1932 សង្កាត់ភ្នំពេញថ្មី ខ័ណ្ឌសែនសុខ ជិតផ្សារម៉ាក្រូ និងAeon ភ្នំពេញ Save Report Share",True,
13735452,Orkide The Royal Condominiums Studio Room 35 sqm2 (Floor 11th) លក់ខាតជិត1ម៉ឹន 52m •,https://www.khmer24.com/en/orkide-the-royal-condominiums-studio-room-35-sqm2-floor-11th-1-adid-13735452,sale,Phnom Penh,Sen Sok,Condo,,search_category,,65000,35.0,0,search_card_text,Studio,,description=1 from 'One Bedroom',,,,,,11,description,Floor: 11,,,,,,,,description_heading,"Main Category House & Land Category Condo For Sale Size 35m² Condor for sale ✅One Bedroom $Price : 65000(Negotiate) លក់ខាតជិត1ម៉ឹន ✅Hard Title ✅Size: Net: 35m2 ✅Floor: 11 ✅Tower : C Orkidē The Royal Condominium Street 2004 (MaiDa Road) Sangkat Ou Baek K'am, Khan Sen Sok Phnom Penh, Cambodia 093 588 xxx Click To Call (Telegram) 076 5588 xxx Click To Call Please click on phone number to show and don't forget to mention that you found this ad on Khmer24.com. Contact Phones 093588XXX 0765588XXX Show Phone Number Ou Baek K'am, Saensokh, Phnom Penh Street 2004 (MaiDa Road) Sangkat Ou Baek K'am, Khan Sen Sok Phnom Penh, Cambodia Save Report Share",True,True
13166024,Condo for sale (PARAMOUNT CONDO ST.371) កាលទិញ ជិត7ម៉ឺន លូវលក់តែ 43800$ ខាតត្រូវការលុយបន្ទាន់ 52m •,https://www.khmer24.com/en/condo-for-sale-paramount-condo-st371-7-43800-adid-13166024,sale,Phnom Penh,Meanchey,Condo,,search_category,,43800,47.0,1,description,One bedroom,,,,,,,,,,,,,,,,,,description_heading,"Main Category House & Land Category Condo For Sale Size 47m² 🎀Paramount Condo 🎀ប្រភេទ One bedroom (47m2) កាលទិញ ជិត7ម៉ឺន លូវលក់តែ 51800 មានទេសភាពស្អាត ខ្យល់អាកាសបរិសុទ្ធ និងទីធ្លាធំទូលាយ ទិត្ថភាពល្អប្រណិត រស់នៅដោយផាសុខភាព ធម្មជាតិស្រស់ស្អាត ភ្ញាក់ពីគេងបើកបង្អួចមើលឃើញធម្មជាតិស្រស់ស្រាយ🌊🌴 ហើយចំកណ្តាលទីក្រុងទៀត🌆📍 ទីតាំងកណ្តាលក្រុង លើផ្លូវ សឡា(371) ជិតផ្សារទំនើបស្ទឹងមានជ័យ ខណ្ឌមានជ័យ រាជធានីភ្នំពេញ 👉☎️Tell : 093 588 xxx Click To Call Please click on phone number to show and don't forget to mention that you found this ad on Khmer24.com. Contact Phones 093588XXX 0765588XXX Show Phone Number Stueng Mean chey 1, Mean Chey, Phnom Penh 🎀Paramount Condo 🎀ប្រភេទ One bedroom (47m2) Save Report Share",True,
